Catagory,Sub Catagory,Type,Brand,product,Product Description,Price,Tax,Image,Store,Size,UOM,Spice Level,Aisle No.
Dorm Essentials,Trash Bags & Liners,Large Trash Bags,Hefty,Hefty Extra Strong Multipurpose Large Drawstring White Pine Odor Block Trash Bags,,8.59,1,4687.jpg,,28,count,,12
Dorm Essentials,Trash Bags & Liners,Large Trash Bags,Hefty,Hefty Extra Strong Multipurpose Trash Drawstring Bags,,8.59,1,4683.jpg,,28,x 30 gal,,12
Dorm Essentials,Trash Bags & Liners,Large Trash Bags,Glad,Glad Dual Defense Drawstring Large Trash Bags,,8.59,1,4671.jpg,,30,gal,,12
Dorm Essentials,Trash Bags & Liners,Large Trash Bags,Glad,Glad Strong Quick Tie Large Trash Bags,,9.19,1,4674.jpg,,40,count,,12
Dorm Essentials,Trash Bags & Liners,Large Trash Bags,Hefty,Hefty Ultra Strong Multipurpose Large Trash Drawstring Bags,,7.99,1,4688.jpg,,25,count,,12
Dorm Essentials,Trash Bags & Liners,Large Trash Bags,Market Basket,Market Basket White Jumbo Bags,,2.99,1,Market Basket.jpg,,12,count,,12
Dorm Essentials,Trash Bags & Liners,Regular Trash Bags,Febreze,Glad Kitchen Pro Febreze Freshness Kitchen Drawstring Bags,,8.59,1,4673.jpg,,30,count,,12
Dorm Essentials,Trash Bags & Liners,Regular Trash Bags,Glad,Glad Drawstring Trash Bags,,9.19,1,4679.jpg,,28,count,,12
Dorm Essentials,Trash Bags & Liners,Regular Trash Bags,Glad,Glad Guaranteed Strong Trash Bags,,8.59,1,4672.jpg,,45,x 13 gal,,12
Dorm Essentials,Trash Bags & Liners,Regular Trash Bags,Glad,Glad Kitchen Trash Bags,,15.89,1,4667.jpg,,80,count,,12
Dorm Essentials,Trash Bags & Liners,Regular Trash Bags,Hefty,Hefty Storage Quart Slider Bags,,3.69,1,4684.jpg,,40,count,,12
Dorm Essentials,Trash Bags & Liners,Regular Trash Bags,Market Basket,Market Basket Drawstring Trash Bags,,3.69,1,Market Basket.jpg,,15,count,,12
Dorm Essentials,Trash Bags & Liners,Regular Trash Bags,Market Basket,Market Basket Drawstring Trash Bags,,10.99,1,Market Basket.jpg,,56,count,,12
Dorm Essentials,Trash Bags & Liners,Regular Trash Bags,Market Basket,Market Basket Grip N Tie Lawn And Leaf Bags,,2.79,1,Market Basket.jpg,,10,count,,12
Dorm Essentials,Trash Bags & Liners,Small Trash Bag,Hefty,Hefty Winter Prints Storage Slider Bags,,2.49,1,4412.jpg,,15,x 1 gal,,12
Dorm Essentials,Trash Bags & Liners,Tall Trash Bags,Essential Everyday,Essential Everyday Flap Top Tall Kitchen Trash Bags,,7.39,1,4690.jpg,,96,x 13 gal,,12
Dorm Essentials,Trash Bags & Liners,Tall Trash Bags,Glad,Glad ForceFlex Febreze Freshness Tall Kitchen Fresh Clean,,11.79,1,4677.jpg,,34,count,,12
Dorm Essentials,Trash Bags & Liners,Tall Trash Bags,Glad,"Glad OdorShield Tall Kitchen Drawstring Trash Bags, Febreze Fresh Clean",,9.19,1,4670.jpg,,13,gal,,12
Dorm Essentials,Trash Bags & Liners,Tall Trash Bags,Glad,"Glad ForceFlex Drawstring Tall Kitchen Trash Bags, Unscented",,8.59,1,4676.jpg,,38,count,,12
Dorm Essentials,Trash Bags & Liners,Tall Trash Bags,Glad,"Glad ForceFlex Drawstring Tall Kitchen Trash Bags, Unscented",,15.89,1,4678.jpg,,76,count,,12
Dorm Essentials,Trash Bags & Liners,Tall Trash Bags,Glad,Glad Tall Kitchen Drawstring Bags Gain Original,,9.19,1,4675.jpg,,40,count,,12
Dorm Essentials,Trash Bags & Liners,Tall Trash Bags,Glad,Glad Tall Kitchen Drawstring Bags Lavender,,9.19,1,4666.jpg,,40,count,,12
Dorm Essentials,Trash Bags & Liners,Tall Trash Bags,Glad,Glad Tall Kitchen Drawstring Trash Bags,,14.69,1,4668.jpg,,90,count,,12
Dorm Essentials,Trash Bags & Liners,Tall Trash Bags,Glad,Glad Tall Kitchen Quick-Tie Trash Bags,,14.69,1,4681.jpg,,80,count,,12
Dorm Essentials,Trash Bags & Liners,Tall Trash Bags,Hefty,Hefty Odor Block Tall Drawstring Lavender Vanilla 13 Gallon Kitchen Bags,,8.59,1,4691.jpg,,45,x 13 gal,,12
Dorm Essentials,Trash Bags & Liners,Tall Trash Bags,Hefty,Hefty Strong Scent Free Tall Drawstring Bags,,7.99,1,4692.jpg,,45,x 1 gal,,12
Dorm Essentials,Trash Bags & Liners,Tall Trash Bags,Hefty,Hefty Tall Drawstring Clean Burst Kitchen Bags,,7.99,1,4682.jpg,,40,x 1 gal,,12
Dorm Essentials,Trash Bags & Liners,Tall Trash Bags,Hefty,Hefty Tall Kitchen Drawstring Bags Mega Pack Kitchen Bags,,14.09,1,4685.jpg,,90,x 1 gal,,12
Dorm Essentials,Trash Bags & Liners,Tall Trash Bags,Hefty,Hefty Ultra Strong Tall Drawstring Crisp Orchard Apple Kitchen Bags,,8.59,1,4689.jpg,,40,x 1 gal,,12
Dorm Essentials,Trash Bags & Liners,Tall Trash Bags,Market Basket,Market Basket Drawstring Clear Tall Kitchen Bags,,3.69,1,Market Basket.jpg,,20,count,,12
Dorm Essentials,Trash Bags & Liners,Tall Trash Bags,Market Basket,Market Basket Drawstring Tall Kitchen Bags,,3.69,1,Market Basket.jpg,,22,count,,12
Dorm Essentials,Trash Bags & Liners,Tall Trash Bags,Market Basket,Market Basket Drawstring Tall Kitchen Bags,,3.69,1,Market Basket.jpg,,20,count,,12
