"Chips, Cookies & Snacks",Chips & Fruit Snacks,Cookies & Crackers,Candy & Chocolates,Jerkies,"Nuts, Seeds & Dried Fruit",,,
Beverages & Juices,Cocoa & Drink Mixes,"Tea, Coffee, Milk & Coconut Water",Water,Energy & Sports Drinks,Ginger Ale & Ginger Beer,Juices & Refrigerated Drinks,Soft Drinks & Seltzers,Ice Pops
Pasta & Sauces,Raw Pasta,Instant Pasta,Pasta Sauce,Gluten Free Pasta,,,,
Condiments & Dressings,"Marinades, Ketchup & Sauces",Salad Dressings & Toppings,"Honey, Syrup & Nectars",Pickled Goods & Olives,Preserved Dips & Spreads,Fresh Dips & Tapenades,,
Cooking Needs,Baking & Cooking,Canned Food,Rice & Grains,Spices & Seasonings,Oils & Vinegars,,,
Frozen Food,Frozen Dinners & Entrees,Frozen Pasta,Frozen Pizza,Frozen Produce,Ice Cream & Ice,Frozen Breakfast,Frozen Fruit & Juice,Frozen Dessert
Fresh Produce,Fresh Vegetables,Fresh Herbs,Fresh Fruits,Fresh Organic Vegetables,Fresh Organic Herbs,Fresh Organic Fruits,,
Breakfast & Dairy,Breads & Rolls,Cereal,Dairy & Eggs,Tea & Coffee,Granola & Oats,Bars & Pastries,Pancake & Waffle Mix,
Laundry & Paper Goods,Paper Goods,Laundry,,,,,,
Kitchen & Cleaning,Air Fresheners & Candles,Cleaning Products,Dish Detergents,Food Storage & Kitchen Supplies,Trash Bags & Liners,,,
Meat & Seafood,Meat & Seafood Counter,Packaged Meat & Seafood,"Hot Dogs, Bacon & Sausage",Lunch Meat,Canned Meat & Seafood,Frozen Meat & Seafood,,
Personal Care,"Body Wash, Soap & Hair Care",Feminine Care,Vitamins & Proteins,First Aid & Healthcare,Personal Needs,,,
Richardson's Farm Ice Cream,Ice Cream Toppings,"Cups, Cones & Bowls",Ice Cream,Frozen Yogurt,Sherbet & Sorbet,,,
