Category,Sub Category,Type,Brand,Product Name,UPC Code,Product Description,Price,Tax,Store,Size,UOM,Spice Level,Aisle No.,,,,,,,
Richardson's Farm Ice Cream,Ice Cream Toppings,Ice Cream Toppings,Cake Mate,Cake Mate Sugar Red,,Cake Mate Sugar Red,1.89,0,Market Basket,8 oz,8 oz,,20,,,,,,,
Richardson's Farm Ice Cream,Ice Cream Toppings,Ice Cream Toppings,Hershey's,Hershey's Shell Topping Chocolate Flavor,,Hershey's Shell Topping Chocolate Flavor,2.99,0,Market Basket,7.25 oz,7.25 oz,,8,,,,,,,
Richardson's Farm Ice Cream,Ice Cream Toppings,Ice Cream Toppings,Hershey's,Hershey's Syrup Indulgent Caramel Flavor,,Hershey's Syrup Indulgent Caramel Flavor,2.79,0,Market Basket,22 oz,22 oz,,8,,,,,,,
Richardson's Farm Ice Cream,Ice Cream Toppings,Ice Cream Toppings,Market Basket,Market Basket Chocolate Syrup,,Market Basket Chocolate Syrup,1.89,0,Market Basket,22 oz,22 oz,,8,,,,,,,
Richardson's Farm Ice Cream,Ice Cream Toppings,Ice Cream Toppings,Market Basket,Market Basket Jumbo Topping Cherries,,Market Basket Jumbo Topping Cherries,1.89,0,Market Basket,12 oz,12 oz,,20,,,,,,,
Richardson's Farm Ice Cream,Ice Cream Toppings,Ice Cream Toppings,Market Basket,Market Basket Lite Whipped Topping,,Market Basket Lite Whipped Topping,1.29,0,Market Basket,8 oz,8 oz,,20,,,,,,,
Richardson's Farm Ice Cream,Ice Cream Toppings,Ice Cream Toppings,Market Basket,Market Basket Maraschino Cherries,,Market Basket Maraschino Cherries,2.49,0,Market Basket,10 oz,10 oz,,20,,,,,,,
Richardson's Farm Ice Cream,Ice Cream Toppings,Ice Cream Toppings,Market Basket,Market Basket Salad Cherries,,Market Basket Salad Cherries,1.89,0,Market Basket,10 oz,10 oz,,20,,,,,,,
Richardson's Farm Ice Cream,Ice Cream Toppings,Ice Cream Toppings,Market Basket,Market Basket Strawberry Syrup,,Market Basket Strawberry Syrup,1.89,0,Market Basket,22 oz,22 oz,,20,,,,,,,
Richardson's Farm Ice Cream,Ice Cream Toppings,Ice Cream Toppings,Mrs. Richardson's,Mrs. Richardson's Toppings Butterscotch Caramel,,Mrs. Richardson's Toppings Butterscotch Caramel,3.09,0,Market Basket,17 oz,17 oz,,20,,,,,,,
Richardson's Farm Ice Cream,Ice Cream Toppings,Ice Cream Toppings,Reese's,Reese's Peanut Butter Topping,,Reese's Peanut Butter Topping,2.99,0,Market Basket,7 oz,7 oz,,20,,,,,,,
Richardson's Farm Ice Cream,Ice Cream Toppings,Ice Cream Toppings,Skinny Cow,Skinny Cow Vanilla Gone Wild Vanilla Ice Cream Sandwich,,Skinny Cow Vanilla Gone Wild Vanilla Ice Cream Sandwich,4.29,0,Market Basket,6 x 4 fl oz,6 x 4 fl oz,,21,,,,,,,
Richardson's Farm Ice Cream,"Cups, Cones & Bowls",Bowls,Joy ,Joy Enjoy-a Bowls ,072092612126,,3.13,0,Market Basket,4 oz,4 oz,,20,,,,,,,
Richardson's Farm Ice Cream,"Cups, Cones & Bowls",Cups,Joy ,Ice Cream Cups ,072092334127,,2.49,0,Market Basket,1.75 oz,1.75 oz,,20,,,,,,,
Richardson's Farm Ice Cream,"Cups, Cones & Bowls",Cones,Joy ,Joy Waffles Cone ,072092012124,,3.13,0,Market Basket,7 oz,7 oz,,20,,,,,,,
Richardson's Farm Ice Cream,"Cups, Cones & Bowls",Cones,Joy ,Joy Suger Cones,072092324128,,2.50,0,Market Basket,5 oz,5 oz,,20,,,,,,,
Richardson's Farm Ice Cream,"Cups, Cones & Bowls",Cups,Joy ,Joy Jumbo Cups ,072092424125,,2.50,0,Market Basket,2.75 oz,2.75 oz,,20,,,,,,,
Richardson's Farm Ice Cream,"Cups, Cones & Bowls",Cups,Joy ,Joy Ice Cream Cups ,072092024240,,2.50,0,Market Basket,3.5 oz,3.5 oz,,20,,,,,,,
Richardson's Farm Ice Cream,"Cups, Cones & Bowls",Cups,Joy ,Joy Ice cream Cups ,072092124124,,3.13,0,Market Basket,1.75 oz,1.75 oz,,20,,,,,,,
Richardson's Farm Ice Cream,"Cups, Cones & Bowls",Cups,Joy ,Joy Ice cream Cups ,072092334127,,2.49,0,Market Basket,1.75 oz,1.75 oz,,20,,,,,,,
Richardson's Farm Ice Cream,"Cups, Cones & Bowls",Cones,Keebler,Keebler Cream Cones ,030100300151,,3.13,0,Market Basket,3 oz,3 oz,,20,,,,,,,
Richardson's Farm Ice Cream,"Cups, Cones & Bowls",Cones,Keebler,Keebler Sugar Cones ,030100298359,,3.13,0,Market Basket,4 oz,4 oz,,20,,,,,,,
Richardson's Farm Ice Cream,"Cups, Cones & Bowls",Cones,Keebler,Keebler Waffle Cones ,030100120056,,3.13,0,Market Basket,5 oz,5 oz,,20,,,,,,,
Richardson's Farm Ice Cream,"Cups, Cones & Bowls",Cones,Keebler,Keebler Fudge-Dipped Cones ,030100120964,,3.13,0,Market Basket,3.25 oz,3.25 oz,,20,,,,,,,
Richardson's Farm Ice Cream,"Cups, Cones & Bowls",Cups,Market Basket ,Market Basket Ice Cream Cake Cups,049705117095,,1.24,0,Market Basket,1.75 oz,1.75 oz,,20,,,,,,,
Richardson's Farm Ice Cream,"Cups, Cones & Bowls",Cones,Market Basket ,Market Basket Ice Cream Sugar Cones,049705117088,,1.61,0,Market Basket,5 oz,5 oz,,20,,,,,,,
Richardson's Farm Ice Cream,Ice Cream Toppings,Ice Cream Toppings,Market Basket ,Market Basket ice Cream Toppers ,049705019900,,2.86,0,Market Basket,12 oz,12 oz,,20,,,,,,,
Richardson's Farm Ice Cream,Ice Cream Toppings,Ice Cream Toppings,Mrs. Richardson's,Mrs Richardson's Hot fudge ,072980002404,,3.13,0,Market Basket,15.5 oz,15.5 oz,,20,,,,,,,
Richardson's Farm Ice Cream,Ice Cream Toppings,Ice Cream Toppings,Reese's,Reese's Peanut Butter Topping ,03408706,,2.99,0,Market Basket,7 oz,7 oz,,20,,,,,,,
Richardson's Farm Ice Cream,Ice Cream Toppings,Ice Cream Toppings,Robert  Rothschid ,Robert Rothschid Raspberry Chocolate ,011246657538,,5.61,0,Market Basket,13.1 oz,13.1 oz,,20,,,,,,,
Richardson's Farm Ice Cream,Ice Cream Toppings,Ice Cream Toppings,Roland ,Roland Classic Style Melba Sauce ,041224871823,,5.36,0,Market Basket,10 oz,10 oz,,20,,,,,,,
Richardson's Farm Ice Cream,Ice Cream Toppings,Ice Cream Toppings,Sander's ,Sander's Dessert Topping  Classic Carmel ,035900171147,,4.99,0,Market Basket,10 oz,10 oz,,20,,,,,,,
Richardson's Farm Ice Cream,Ice Cream Toppings,Ice Cream Toppings,Sander's ,Sander's Dessert Topping  Dark Chocolate Hot Fudge ,03590017307,,4.99,0,Market Basket,10 oz,10 oz,,20,,,,,,,
Richardson's Farm Ice Cream,Ice Cream Toppings,Ice Cream Toppings,Sander's ,Sander's Dessert Topping  milk Chocolate Hot Fudge ,035900171222,,4.99,0,Market Basket,10 oz,10 oz,,20,,,,,,,
Richardson's Farm Ice Cream,Ice Cream Toppings,Ice Cream Toppings,Smucker's,Smucker's Fudge Topping ,051500021231,,2.50,0,Market Basket,15.5 oz,15.5 oz,,20,,,,,,,
Richardson's Farm Ice Cream,Ice Cream Toppings,Ice Cream Toppings,Smucker's,Smucker's Chocolate Fudge ,051500025017,,2.50,0,Market Basket,7.25 oz,7.25 oz,,20,,,,,,,
Richardson's Farm Ice Cream,Ice Cream Toppings,Ice Cream Toppings,Smucker's,Smucker's Chocolate ,051500025000,,2.50,0,Market Basket,7.25 oz,7.25 oz,,20,,,,,,,
Richardson's Farm Ice Cream,Ice Cream Toppings,Ice Cream Toppings,Smucker's,Smucker's Sundae Syrup ,051500025116,,3.13,0,Market Basket,20 oz,20 oz,,20,,,,,,,
Richardson's Farm Ice Cream,Ice Cream Toppings,Ice Cream Toppings,Smucker's,Smucker's Sundae Syrup Chocolate ,051500025130,,3.13,0,Market Basket,20 oz,20 oz,,20,,,,,,,
Richardson's Farm Ice Cream,Ice Cream Toppings,Ice Cream Toppings,Smucker's,Smucker's Sundea Syrup Caramel ,051500025123,,3.13,0,Market Basket,20 oz,20 oz,,20,,,,,,,
Richardson's Farm Ice Cream,Ice Cream Toppings,Ice Cream Toppings,Smucker's,Smucker's Sundea Syrup  Caramel Suger Free ,051500025185,,3.75,0,Market Basket,19.25 oz,19.25 oz,,20,,,,,,,
Richardson's Farm Ice Cream,Ice Cream Toppings,Ice Cream Toppings,Smucker's,Smucker's Chocolate Fudge Topping ,051500000229,,2.50,0,Market Basket,12 oz,12 oz,,20,,,,,,,
Richardson's Farm Ice Cream,Ice Cream Toppings,Ice Cream Toppings,Smucker's,Smucker's Hot Fudge Topping ,051500000489,,2.99,0,Market Basket,1 count,1 count,,20,,,,,,,
Richardson's Farm Ice Cream,Ice Cream Toppings,Ice Cream Toppings,Smucker's,Smucker's Butterscotch Flavored Topping ,051500000205,,2.50,0,Market Basket,12.25 oz,12.25 oz,,20,,,,,,,
Richardson's Farm Ice Cream,Ice Cream Toppings,Ice Cream Toppings,Smucker's,Smucker's Strawberry Topping ,051500000267,,2.50,0,Market Basket,12.75 oz,12.75 oz,,20,,,,,,,
Richardson's Farm Ice Cream,Ice Cream Toppings,Ice Cream Toppings,Smucker's,Smucker's Pineapple Toppin ,051500000250,,2.50,0,Market Basket,12 oz,12 oz,,20,,,,,,,
Richardson's Farm Ice Cream,Ice Cream Toppings,Ice Cream Toppings,Smucker's,Smucker's Marshmallow Topping ,051500001202,,2.50,0,Market Basket,12.25 oz,12.25 oz,,20,,,,,,,
Richardson's Farm Ice Cream,Ice Cream Toppings,Ice Cream Toppings,Smucker's,Smucker's Dark Chocolate Topping ,051500108659,,3.13,0,Market Basket,1 count,1 count,,20,,,,,,,
Richardson's Farm Ice Cream,Ice Cream Toppings,Ice Cream Toppings,Walden Farms ,Walden Farms Chocolate Syrup ,072457880559,,4.36,0,Market Basket,12 oz,12 oz,,20,,,,,,,
Richardson's Farm Ice Cream,Ice Cream Toppings,Ice Cream Toppings,Walden Farms ,Walden Frms Caramel Syrup ,072457880696,,4.36,0,Market Basket,12 oz,12 oz,,20,,,,,,,
Richardson's Farm Ice Cream,Ice Cream,Vanilla,Richarson's Farm,Richarson's Farm Vanilla Ice Cream 16% Butterfat,,Made with vanilla bean extract imported from Madagascar,32.99,0,Richardson's Farm,3 Gal. Tub,3 Gal. Tub,,,,,,,,,
Richardson's Farm Ice Cream,Ice Cream,Vanilla,Richarson's Farm,Richarson's Farm French Vanilla Ice Cream 16% Butterfat,,Traditional vanilla with egg yolks for a rich flavor,32.99,0,Richardson's Farm,3 Gal. Tub,3 Gal. Tub,,,,,,,,,
Richardson's Farm Ice Cream,Ice Cream,Chocolate,Richarson's Farm,Richarson's Farm Chocolate Ice Cream 16% Butterfat,,Made with Bensdorp Cocoa imported all the way from Holland,32.99,0,Richardson's Farm,3 Gal. Tub,3 Gal. Tub,,,,,,,,,
Richardson's Farm Ice Cream,Ice Cream,Chocolate,Richarson's Farm,Richarson's Farm Double Chocolate Ice Cream 16% Butterfat,,Double the chocolate richness,32.99,0,Richardson's Farm,3 Gal. Tub,3 Gal. Tub,,,,,,,,,
Richardson's Farm Ice Cream,Ice Cream,Coffee,Richarson's Farm,Richarson's Farm Coffee Ice Cream 16% Butterfat,,A deep robust coffee flavor,32.99,0,Richardson's Farm,3 Gal. Tub,3 Gal. Tub,,,,,,,,,
Richardson's Farm Ice Cream,Ice Cream,Chocolate,Richarson's Farm,Richarson's Farm Chocolate Chip Ice Cream 16% Butterfat,,Vanilla ice cream with dark chocolate chips,32.99,0,Richardson's Farm,3 Gal. Tub,3 Gal. Tub,,,,,,,,,
Richardson's Farm Ice Cream,Ice Cream,Mint,Richarson's Farm,Richarson's Farm Mint Chocolate Chip Ice Cream 16% Butterfat,,Cool mint ice cream with chocolate chips and mint patties,32.99,0,Richardson's Farm,3 Gal. Tub,3 Gal. Tub,,,,,,,,,
Richardson's Farm Ice Cream,Ice Cream,Coffee,Richarson's Farm,Richarson's Farm Mocha Chip Ice Cream 16% Butterfat,,Rich coffee mixed with light chocolate ice cream with chocolate chips,32.99,0,Richardson's Farm,3 Gal. Tub,3 Gal. Tub,,,,,,,,,
Richardson's Farm Ice Cream,Ice Cream,Cookie Dough,Richarson's Farm,Richarson's Farm Cookie Dough Ice Cream 16% Butterfat,,Vanilla ice cream with tons of raw cookie dough and chocolate chips,32.99,0,Richardson's Farm,3 Gal. Tub,3 Gal. Tub,,,,,,,,,
Richardson's Farm Ice Cream,Ice Cream,Chocolate Chip,Richarson's Farm,Richarson's Farm Toll House Cookie Ice Cream 16% Butterfat,,Vanilla ice cream with baked chocolate chip cookies,32.99,0,Richardson's Farm,3 Gal. Tub,3 Gal. Tub,,,,,,,,,
Richardson's Farm Ice Cream,Ice Cream,Oreo,Richarson's Farm,Richarson's Farm Oreo Cookie Ice Cream 16% Butterfat,,Vanilla ice cream with real Oreo Cookies,32.99,0,Richardson's Farm,3 Gal. Tub,3 Gal. Tub,,,,,,,,,
Richardson's Farm Ice Cream,Ice Cream,Coffee,Richarson's Farm,Richarson's Farm Coffee Oreo Ice Cream 16% Butterfat,,Coffee ice cream with Oreo Cookies,32.99,0,Richardson's Farm,3 Gal. Tub,3 Gal. Tub,,,,,,,,,
Richardson's Farm Ice Cream,Ice Cream,Peanut Butter,Richarson's Farm,Richarson's Farm Peanut Butter Oreo Ice Cream 16% Butterfat,,Peanut butter ice cream base with Oreo cookies pieces,32.99,0,Richardson's Farm,3 Gal. Tub,3 Gal. Tub,,,,,,,,,
Richardson's Farm Ice Cream,Ice Cream,Brownie,Richarson's Farm,Richarson's Farm Kahlua Brownie Ice Cream 16% Butterfat,,Kahlua ice cream with fudge brownies,32.99,0,Richardson's Farm,3 Gal. Tub,3 Gal. Tub,,,,,,,,,
Richardson's Farm Ice Cream,Ice Cream,Coffee,Richarson's Farm,Richarson's Farm Coffee Almond Fudge Ice Cream 16% Butterfat,,Coffee ice cream with almonds and a fudge swirl,32.99,0,Richardson's Farm,3 Gal. Tub,3 Gal. Tub,,,,,,,,,
Richardson's Farm Ice Cream,Ice Cream,Maple Walnut,Richarson's Farm,Richarson's Farm Maple Walnut Ice Cream 16% Butterfat,,Pure maple ice cream with walnuts,32.99,0,Richardson's Farm,3 Gal. Tub,3 Gal. Tub,,,,,,,,,
Richardson's Farm Ice Cream,Ice Cream,Pistachio,Richarson's Farm,Richarson's Farm Pistachio Ice Cream 16% Butterfat,,Pistachio ice cream with pistachios,32.99,0,Richardson's Farm,3 Gal. Tub,3 Gal. Tub,,,,,,,,,
Richardson's Farm Ice Cream,Ice Cream,Butter Pecan,Richarson's Farm,Richarson's Farm Butter Pecan Ice Cream 16% Butterfat,,Rich buttery flavored ice cream with roasted pecans,32.99,0,Richardson's Farm,3 Gal. Tub,3 Gal. Tub,,,,,,,,,
Richardson's Farm Ice Cream,Ice Cream,Peppermint,Richarson's Farm,Richarson's Farm Peppermint Stick Ice Cream 16% Butterfat,,Mint ice cream with peppermint candies,32.99,0,Richardson's Farm,3 Gal. Tub,3 Gal. Tub,,,,,,,,,
Richardson's Farm Ice Cream,Ice Cream,Butter Crunch,Richarson's Farm,Richarson's Farm Butter Crunch Ice Cream 16% Butterfat,,Butterscotch ice cream with crunchy butterscotch candy,32.99,0,Richardson's Farm,3 Gal. Tub,3 Gal. Tub,,,,,,,,,
Richardson's Farm Ice Cream,Ice Cream,Vanilla,Richarson's Farm,Richarson's Farm Totally Turtle Ice Cream 16% Butterfat,,"Vanilla ice cream with cashews, pieces of fudge and a caramel twirl",32.99,0,Richardson's Farm,3 Gal. Tub,3 Gal. Tub,,,,,,,,,
Richardson's Farm Ice Cream,Ice Cream,Snickers,Richarson's Farm,Richarson's Farm Snickas with Snickers� Ice Cream 16% Butterfat,,"Vanilla ice cream with Snickers� bars, chocolate chips, peanuts, and a caramel swirl",32.99,0,Richardson's Farm,3 Gal. Tub,3 Gal. Tub,,,,,,,,,
Richardson's Farm Ice Cream,Ice Cream,Peanut Butter,Richarson's Farm,Richarson's Farm Peanut Butter Cup with Reeses� Ice Cream 16% Butterfat,,Peanut butter ice cream with chocolate chips and Reese�s� Peanut Butter Cups,32.99,0,Richardson's Farm,3 Gal. Tub,3 Gal. Tub,,,,,,,,,
Richardson's Farm Ice Cream,Ice Cream,Milky Way,Richarson's Farm,Richarson's Farm Way Milk with Milky Way� Ice Cream 16% Butterfat,,"Malted light chocolate ice cream with chocolate chips, Milky Way� bars, and a caramel twirl",32.99,0,Richardson's Farm,3 Gal. Tub,3 Gal. Tub,,,,,,,,,
Richardson's Farm Ice Cream,Ice Cream,M&M,Richarson's Farm,Richarson's Farm Melts in your Mouth with M&M� Ice Cream 16% Butterfat,,Vanilla ice cream with M&M� candies,32.99,0,Richardson's Farm,3 Gal. Tub,3 Gal. Tub,,,,,,,,,
Richardson's Farm Ice Cream,Ice Cream,Coconut,Richarson's Farm,Richarson's Farm Coconut Chip with Almond Joy� Ice Cream 16% Butterfat,,"Coconut ice cream with Almond Joy� bars, chocolate chips, and almonds",32.99,0,Richardson's Farm,3 Gal. Tub,3 Gal. Tub,,,,,,,,,
Richardson's Farm Ice Cream,Ice Cream,Toffee,Richarson's Farm,Richarson's Farm Toffee Crunch with Heath Bar� Ice Cream 16% Butterfat,,Toffee flavored ice cream with chocolate chips and Heath� Bar,32.99,0,Richardson's Farm,3 Gal. Tub,3 Gal. Tub,,,,,,,,,
Richardson's Farm Ice Cream,Ice Cream,Bubble Gum,Richarson's Farm,Richarson's Farm Bubble Gum Ice Cream 16% Butterfat,,Bubble gum flavored ice cream with pieces of gum,32.99,0,Richardson's Farm,3 Gal. Tub,3 Gal. Tub,,,,,,,,,
Richardson's Farm Ice Cream,Ice Cream,Vanilla,Richarson's Farm,Richarson's Farm Moose Tracks Ice Cream 16% Butterfat,,Vanilla ice cream with a special hardening fudge ripple and peanut butter truffles,32.99,0,Richardson's Farm,3 Gal. Tub,3 Gal. Tub,,,,,,,,,
Richardson's Farm Ice Cream,Ice Cream,Cotton Candy,Richarson's Farm,Richarson's Farm Cotton Candy Ice Cream 16% Butterfat,,Pink cotton candy ice cream with a blue candy swirl and cotton candy pieces,32.99,0,Richardson's Farm,3 Gal. Tub,3 Gal. Tub,,,,,,,,,
Richardson's Farm Ice Cream,Ice Cream,Vanilla,Richarson's Farm,Richarson's Farm Crunch-a-saurus Ice Cream 16% Butterfat,,Blue vanilla ice cream with chocolate covered krispies,32.99,0,Richardson's Farm,3 Gal. Tub,3 Gal. Tub,,,,,,,,,
Richardson's Farm Ice Cream,Ice Cream,Strawberry,Richarson's Farm,Richarson's Farm Strawberry Ice Cream 16% Butterfat,,Farm-fresh strawberry ice cream with diced strawberries,32.99,0,Richardson's Farm,3 Gal. Tub,3 Gal. Tub,,,,,,,,,
Richardson's Farm Ice Cream,Ice Cream,Black Raspberry,Richarson's Farm,Richarson's Farm Black Raspberry Ice Cream 16% Butterfat,,Black raspberry ice cream with berries,32.99,0,Richardson's Farm,3 Gal. Tub,3 Gal. Tub,,,,,,,,,
Richardson's Farm Ice Cream,Ice Cream,Red Raspberry,Richarson's Farm,Richarson's Farm Maine Black Bear Ice Cream 16% Butterfat,,Red raspberry ice cream with chocolate chips and chocolate covered raspberry truffles,32.99,0,Richardson's Farm,3 Gal. Tub,3 Gal. Tub,,,,,,,,,
Richardson's Farm Ice Cream,Ice Cream,Black Raspberry,Richarson's Farm,Richarson's Farm Phantomberry Ice Cream 16% Butterfat,,Black raspberry ice cream with a cookie crunch swirl and fudge brownie pieces,32.99,0,Richardson's Farm,3 Gal. Tub,3 Gal. Tub,,,,,,,,,
Richardson's Farm Ice Cream,Ice Cream,Vanilla,Richarson's Farm,Richarson's Farm Cherry Vanilla Ice Cream 16% Butterfat,,Vanilla ice cream with maraschino cherries,32.99,0,Richardson's Farm,3 Gal. Tub,3 Gal. Tub,,,,,,,,,
Richardson's Farm Ice Cream,Ice Cream,Banana,Richarson's Farm,Richarson's Farm Banana Ice Cream 16% Butterfat,,Made with real bananas,32.99,0,Richardson's Farm,3 Gal. Tub,3 Gal. Tub,,,,,,,,,
Richardson's Farm Ice Cream,Ice Cream,Orange,Richarson's Farm,Richarson's Farm Orange Pineapple Ice Cream 16% Butterfat,,Creamy orange ice cream with pineapple fruit,32.99,0,Richardson's Farm,3 Gal. Tub,3 Gal. Tub,,,,,,,,,
Richardson's Farm Ice Cream,Ice Cream,Strawberry,Richarson's Farm,Richarson's Farm Strawberry Cheesecake Ice Cream 16% Butterfat,,New York style cheesecake ice cream with a strawberry swirl and chunks of cheese cake,32.99,0,Richardson's Farm,3 Gal. Tub,3 Gal. Tub,,,,,,,,,
Richardson's Farm Ice Cream,Ice Cream,Rum based,Richarson's Farm,Richarson's Farm Frozen Pudding Ice Cream 16% Butterfat,,"Rum based ice cream with raisins, pineapples, maraschino cherries, apples, and peaches (an old-fashioned favorite)",32.99,0,Richardson's Farm,3 Gal. Tub,3 Gal. Tub,,,,,,,,,
Richardson's Farm Ice Cream,Ice Cream,Rum based,Richarson's Farm,Richarson's Farm Rum Raisin Ice Cream 16% Butterfat,,Rum based ice cream with rum soaked raisins,32.99,0,Richardson's Farm,3 Gal. Tub,3 Gal. Tub,,,,,,,,,
Richardson's Farm Ice Cream,Ice Cream,Coconut,Richarson's Farm,Richarson's Farm Coconut Ice Cream 16% Butterfat,,Made with real coconut,32.99,0,Richardson's Farm,3 Gal. Tub,3 Gal. Tub,,,,,,,,,
Richardson's Farm Ice Cream,Ice Cream,Custard,Richarson's Farm,Richarson's Farm Grapenut Custard Ice Cream 16% Butterfat,,Custard based ice cream with grapenuts,32.99,0,Richardson's Farm,3 Gal. Tub,3 Gal. Tub,,,,,,,,,
Richardson's Farm Ice Cream,Ice Cream,Chocolate,Richarson's Farm,Richarson's Farm Dealth by Chocolate Ice Cream 16% Butterfat,,"Dark chocolate ice cream with a milk chocolate twirl, chocolate chips, and decadent fudge brownies",32.99,0,Richardson's Farm,3 Gal. Tub,3 Gal. Tub,,,,,,,,,
Richardson's Farm Ice Cream,Ice Cream,Chocolate,Richarson's Farm,Richarson's Farm Rocky Road Ice Cream 16% Butterfat,,"Chocolate ice cream with mini marshmallows, chocolate chips, and chopped mixed nuts",32.99,0,Richardson's Farm,3 Gal. Tub,3 Gal. Tub,,,,,,,,,
Richardson's Farm Ice Cream,Ice Cream,Chocolate,Richarson's Farm,Richarson's Farm Chocolate Walnut Fudge Ice Cream 16% Butterfat,,Chocolate ice cream with a fudge twirl and walnuts,32.99,0,Richardson's Farm,3 Gal. Tub,3 Gal. Tub,,,,,,,,,
Richardson's Farm Ice Cream,Ice Cream,Chocolate,Richarson's Farm,Richarson's Farm German Chocolate Cake Ice Cream 16% Butterfat,,Chocolate-coconut based ice cream with chunks of brownie fudge and a caramel ripple,32.99,0,Richardson's Farm,3 Gal. Tub,3 Gal. Tub,,,,,,,,,
Richardson's Farm Ice Cream,Ice Cream,Mint,Richarson's Farm,Richarson's Farm Green Mosnter Ice Cream 16% Butterfat,,Mint ice cream with Oreos and a fudge swirl,32.99,0,Richardson's Farm,3 Gal. Tub,3 Gal. Tub,,,,,,,,,
Richardson's Farm Ice Cream,Ice Cream,Chocolate,Richarson's Farm,Richarson's Farm Chocolate Peanut Butter Ice Cream 16% Butterfat,,Chocolate ice cream with peanut butter twirl,32.99,0,Richardson's Farm,3 Gal. Tub,3 Gal. Tub,,,,,,,,,
Richardson's Farm Ice Cream,Ice Cream,Cake Batter,Richarson's Farm,Richarson's Farm Cake Batter Ice Cream 16% Butterfat,,Vanilla cake batter base with chunks of cake,32.99,0,Richardson's Farm,3 Gal. Tub,3 Gal. Tub,,,,,,,,,
Richardson's Farm Ice Cream,Ice Cream,Ginger,Richarson's Farm,Richarson's Farm Ginger Ice Cream 16% Butterfat,,Made with crushed ginger,32.99,0,Richardson's Farm,3 Gal. Tub,3 Gal. Tub,,,,,,,,,
Richardson's Farm Ice Cream,Ice Cream,Green Tea,Richarson's Farm,Richarson's Farm Green Tean Ice Cream 16% Butterfat,,Made with Real green tea,32.99,0,Richardson's Farm,3 Gal. Tub,3 Gal. Tub,,,,,,,,,
Richardson's Farm Ice Cream,Ice Cream,Blueberry,Richarson's Farm,Richarson's Farm Blueberry Pie Ice Cream 16% Butterfat,,Vanilla ice cream with pie crust crumble and blueberry pie filling,32.99,0,Richardson's Farm,3 Gal. Tub,3 Gal. Tub,,,,,,,,,
Richardson's Farm Ice Cream,Ice Cream,Smores,Richarson's Farm,Richarson's Farm Campfire Smores Ice Cream 16% Butterfat,,Smores Ice Cream,32.99,0,Richardson's Farm,3 Gal. Tub,3 Gal. Tub,,,,,,,,,
Richardson's Farm Ice Cream,Ice Cream,Vanilla,Richarson's Farm,Richarson's Farm Vanilla Ice Cream 16% Butterfat,,Made with vanilla bean extract imported from Madagascar,7.99,0,Richardson's Farm,1-2 Gal. Container,1-2 Gal. Container,,,,,,,,,
Richardson's Farm Ice Cream,Ice Cream,Vanilla,Richarson's Farm,Richarson's Farm French Vanilla Ice Cream 16% Butterfat,,Traditional vanilla with egg yolks for a rich flavor,7.99,0,Richardson's Farm,1-2 Gal. Container,1-2 Gal. Container,,,,,,,,,
Richardson's Farm Ice Cream,Ice Cream,Chocolate,Richarson's Farm,Richarson's Farm Chocolate Ice Cream 16% Butterfat,,Made with Bensdorp Cocoa imported all the way from Holland,7.99,0,Richardson's Farm,1-2 Gal. Container,1-2 Gal. Container,,,,,,,,,
Richardson's Farm Ice Cream,Ice Cream,Coffee,Richarson's Farm,Richarson's Farm Coffee Ice Cream 16% Butterfat,,A deep robust coffee flavor,7.99,0,Richardson's Farm,1-2 Gal. Container,1-2 Gal. Container,,,,,,,,,
Richardson's Farm Ice Cream,Ice Cream,Chocolate Chip,Richarson's Farm,Richarson's Farm Chocolate Chip Ice Cream 16% Butterfat,,Vanilla ice cream with dark chocolate chips,7.99,0,Richardson's Farm,1-2 Gal. Container,1-2 Gal. Container,,,,,,,,,
Richardson's Farm Ice Cream,Ice Cream,Mint,Richarson's Farm,Richarson's Farm Mint Chocolate Chip Ice Cream 16% Butterfat,,Cool mint ice cream with chocolate chips and mint patties,7.99,0,Richardson's Farm,1-2 Gal. Container,1-2 Gal. Container,,,,,,,,,
Richardson's Farm Ice Cream,Ice Cream,Coffee,Richarson's Farm,Richarson's Farm Mocha Chip Ice Cream 16% Butterfat,,Rich coffee mixed with light chocolate ice cream with chocolate chips,7.99,0,Richardson's Farm,1-2 Gal. Container,1-2 Gal. Container,,,,,,,,,
Richardson's Farm Ice Cream,Ice Cream,Cookie Dough,Richarson's Farm,Richarson's Farm Cookie Dough Ice Cream 16% Butterfat,,Vanilla ice cream with tons of raw cookie dough and chocolate chips,7.99,0,Richardson's Farm,1-2 Gal. Container,1-2 Gal. Container,,,,,,,,,
Richardson's Farm Ice Cream,Ice Cream,Oreo,Richarson's Farm,Richarson's Farm Oreo Cookie Ice Cream 16% Butterfat,,Vanilla ice cream with real Oreo Cookies,7.99,0,Richardson's Farm,1-2 Gal. Container,1-2 Gal. Container,,,,,,,,,
Richardson's Farm Ice Cream,Ice Cream,Coffee,Richarson's Farm,Richarson's Farm Coffee Oreo Ice Cream 16% Butterfat,,Coffee ice cream with Oreo Cookies,7.99,0,Richardson's Farm,1-2 Gal. Container,1-2 Gal. Container,,,,,,,,,
Richardson's Farm Ice Cream,Ice Cream,Peanut Butter,Richarson's Farm,Richarson's Farm Peanut Butter Oreo Ice Cream 16% Butterfat,,Peanut butter ice cream base with Oreo cookies pieces,7.99,0,Richardson's Farm,1-2 Gal. Container,1-2 Gal. Container,,,,,,,,,
Richardson's Farm Ice Cream,Ice Cream,Brownie,Richarson's Farm,Richarson's Farm Kahlua Brownie Ice Cream 16% Butterfat,,Kahlua ice cream with fudge brownies,7.99,0,Richardson's Farm,1-2 Gal. Container,1-2 Gal. Container,,,,,,,,,
Richardson's Farm Ice Cream,Ice Cream,Maple Walnut,Richarson's Farm,Richarson's Farm Maple Walnut Ice Cream 16% Butterfat,,Pure maple ice cream with walnuts,7.99,0,Richardson's Farm,1-2 Gal. Container,1-2 Gal. Container,,,,,,,,,
Richardson's Farm Ice Cream,Ice Cream,Pistachio,Richarson's Farm,Richarson's Farm Pistachio Ice Cream 16% Butterfat,,Pistachio ice cream with pistachios,7.99,0,Richardson's Farm,1-2 Gal. Container,1-2 Gal. Container,,,,,,,,,
Richardson's Farm Ice Cream,Ice Cream,Peppermint,Richarson's Farm,Richarson's Farm Peppermint Stick Ice Cream 16% Butterfat,,Mint ice cream with peppermint candies,7.99,0,Richardson's Farm,1-2 Gal. Container,1-2 Gal. Container,,,,,,,,,
Richardson's Farm Ice Cream,Ice Cream,Peanut Butter,Richarson's Farm,Richarson's Farm Peanut Butter Cup with Reeses� Ice Cream 16% Butterfat,,Peanut butter ice cream with chocolate chips and Reese�s� Peanut Butter Cups,7.99,0,Richardson's Farm,1-2 Gal. Container,1-2 Gal. Container,,,,,,,,,
Richardson's Farm Ice Cream,Ice Cream,M&M,Richarson's Farm,Richarson's Farm Melts in your Mouth with M&M� Ice Cream 16% Butterfat,,Vanilla ice cream with M&M� candies,7.99,0,Richardson's Farm,1-2 Gal. Container,1-2 Gal. Container,,,,,,,,,
Richardson's Farm Ice Cream,Ice Cream,Strawberry,Richarson's Farm,Richarson's Farm Strawberry Ice Cream 16% Butterfat,,Farm-fresh strawberry ice cream with diced strawberries,7.99,0,Richardson's Farm,1-2 Gal. Container,1-2 Gal. Container,,,,,,,,,
Richardson's Farm Ice Cream,Ice Cream,Black Raspberry,Richarson's Farm,Richarson's Farm Black Raspberry Ice Cream 16% Butterfat,,Black raspberry ice cream with berries,7.99,0,Richardson's Farm,1-2 Gal. Container,1-2 Gal. Container,,,,,,,,,
Richardson's Farm Ice Cream,Ice Cream,Red Raspberry,Richarson's Farm,Richarson's Farm Maine Black Bear Ice Cream 16% Butterfat,,Red raspberry ice cream with chocolate chips and chocolate covered raspberry truffles,7.99,0,Richardson's Farm,1-2 Gal. Container,1-2 Gal. Container,,,,,,,,,
Richardson's Farm Ice Cream,Ice Cream,Rum based,Richarson's Farm,Richarson's Farm Rum Raisin Ice Cream 16% Butterfat,,Rum based ice cream with rum soaked raisins,7.99,0,Richardson's Farm,1-2 Gal. Container,1-2 Gal. Container,,,,,,,,,
Richardson's Farm Ice Cream,Ice Cream,Coconut,Richarson's Farm,Richarson's Farm Coconut Ice Cream 16% Butterfat,,Made with real coconut,7.99,0,Richardson's Farm,1-2 Gal. Container,1-2 Gal. Container,,,,,,,,,
Richardson's Farm Ice Cream,Ice Cream,Chocolate,Richarson's Farm,Richarson's Farm Rocky Road Ice Cream 16% Butterfat,,"Chocolate ice cream with mini marshmallows, chocolate chips, and chopped mixed nuts",7.99,0,Richardson's Farm,1-2 Gal. Container,1-2 Gal. Container,,,,,,,,,
Richardson's Farm Ice Cream,Ice Cream,Coffee,Richarson's Farm,Richarson's Farm Coffee Ice Cream Low Fat No Sugar Added 95% Fat Free,,95% Fat Free Made with Coffee,33.99,0,Richardson's Farm,3 Gal. Tub,3 Gal. Tub,,,,,,,,,
Richardson's Farm Ice Cream,Ice Cream,Black Raspberry,Richarson's Farm,Richarson's Farm Black Raspberry Ice Cream Low Fat No Sugar Added 95% Fat Free,,95% Fat Free Black raspberry ice cream with berries,33.99,0,Richardson's Farm,3 Gal. Tub,3 Gal. Tub,,,,,,,,,
Richardson's Farm Ice Cream,Ice Cream,Coffee,Richarson's Farm,Richarson's Farm Coffee Ice Cream Low Fat No Sugar Added 95% Fat Free,,95% Fat Free Made with Coffee,7.99,0,Richardson's Farm,1-2 Gal. Container,1-2 Gal. Container,,,,,,,,,
Richardson's Farm Ice Cream,Ice Cream,Black Raspberry,Richarson's Farm,Richarson's Farm Balck Raspberry Ice Cream Low Fat No Sugar Added 95% Fat Free,,95% Fat Free Black raspberry ice cream with berries,7.99,0,Richardson's Farm,1-2 Gal. Container,1-2 Gal. Container,,,,,,,,,
Richardson's Farm Ice Cream,Frozen Yogurt,Coffee,Richarson's Farm,Richarson's Farm Coffee Toffee with Health Bar� Frozen Yogurt 95% Fat Free,,"Coffee yogurt with Heath� Bar pices, chocolate chips and toffee",29.99,0,Richardson's Farm,3 Gal. Tub,3 Gal. Tub,,,,,,,,,
Richardson's Farm Ice Cream,Frozen Yogurt,Chocolate Chip,Richarson's Farm,Richarson's Farm Cocolate Chip Frozen Yogurt 95% Fat Free,,Vanilla yogurt with chocolate chips,29.99,0,Richardson's Farm,3 Gal. Tub,3 Gal. Tub,,,,,,,,,
Richardson's Farm Ice Cream,Frozen Yogurt,Mint,Richarson's Farm,Richarson's Farm Mint Patty Frozen Yogurt 95% Fat Free,,Mint yogurt with chocolate chips and peppermint patties,29.99,0,Richardson's Farm,3 Gal. Tub,3 Gal. Tub,,,,,,,,,
Richardson's Farm Ice Cream,Frozen Yogurt,Oreo,Richarson's Farm,Richarson's Farm Oreo Cookie Frozen Yogurt 95% Fat Free,,Vanilla yogurt with Oreo cookies,29.99,0,Richardson's Farm,3 Gal. Tub,3 Gal. Tub,,,,,,,,,
Richardson's Farm Ice Cream,Frozen Yogurt,Cookie Dough,Richarson's Farm,Richarson's Farm Cookie Dough Frozen Yogurt 95% Fat Free,,Vanilla yogurt with chocolate chips and raw cookie dough pieces,29.99,0,Richardson's Farm,3 Gal. Tub,3 Gal. Tub,,,,,,,,,
Richardson's Farm Ice Cream,Frozen Yogurt,Vanilla,Richarson's Farm,Richarson's Farm French Vanilla Frozen Yogurt 95% Fat Free,,Vanilla yogurt with real eggs for a richer flavor,29.99,0,Richardson's Farm,3 Gal. Tub,3 Gal. Tub,,,,,,,,,
Richardson's Farm Ice Cream,Frozen Yogurt,Pistachio,Richarson's Farm,Richarson's Farm Pistachio Frozen Yogurt 95% Fat Free,,The real deal pistachio yogurt with pistacio nut pieces,29.99,0,Richardson's Farm,3 Gal. Tub,3 Gal. Tub,,,,,,,,,
Richardson's Farm Ice Cream,Frozen Yogurt,Vanilla,Richarson's Farm,Richarson's Farm Moose Tracks Frozen Yogurt 95% Fat Free,,Vanilla yogurt with a special hardening fudge ripple and peanut butter truffles,29.99,0,Richardson's Farm,3 Gal. Tub,3 Gal. Tub,,,,,,,,,
Richardson's Farm Ice Cream,Frozen Yogurt,Black Raspberry,Richarson's Farm,Richarson's Farm Black Raspberry Frozen Yogurt 95% Fat Free,,Made with real black raspberries,29.99,0,Richardson's Farm,3 Gal. Tub,3 Gal. Tub,,,,,,,,,
Richardson's Farm Ice Cream,Frozen Yogurt,Black Raspberry,Richarson's Farm,Richarson's Farm Purple Berry Chip Frozen Yogurt 95% Fat Free,,Black raspberry yogurt with dark and white chocolate chips,29.99,0,Richardson's Farm,3 Gal. Tub,3 Gal. Tub,,,,,,,,,
Richardson's Farm Ice Cream,Frozen Yogurt,Chocolate,Richarson's Farm,Richarson's Farm Chocolate Almond Frozen Yogurt 95% Fat Free,,Chocolate yogurt with almonds,29.99,0,Richardson's Farm,3 Gal. Tub,3 Gal. Tub,,,,,,,,,
Richardson's Farm Ice Cream,Frozen Yogurt,Berry,Richarson's Farm,Richarson's Farm Crumble Berry Frozen Yogurt 95% Fat Free,,,29.99,0,Richardson's Farm,3 Gal. Tub,3 Gal. Tub,,,,,,,,,
Richardson's Farm Ice Cream,Frozen Yogurt,Coffee,Richarson's Farm,Richarson's Farm Coffee Toffee with Health Bar� Frozen Yogurt 95% Fat Free,,"Coffee yogurt with Heath� Bar pices, chocolate chips and toffee",7.99,0,Richardson's Farm,1-2 Gal. Container,1-2 Gal. Container,,,,,,,,,
Richardson's Farm Ice Cream,Frozen Yogurt,Chocolate Chip,Richarson's Farm,Richarson's Farm Cocolate Chip Frozen Yogurt 95% Fat Free,,Vanilla yogurt with chocolate chips,7.99,0,Richardson's Farm,1-2 Gal. Container,1-2 Gal. Container,,,,,,,,,
Richardson's Farm Ice Cream,Frozen Yogurt,Mint,Richarson's Farm,Richarson's Farm Mint Patty Frozen Yogurt 95% Fat Free,,Mint yogurt with chocolate chips and peppermint patties,7.99,0,Richardson's Farm,1-2 Gal. Container,1-2 Gal. Container,,,,,,,,,
Richardson's Farm Ice Cream,Frozen Yogurt,Oreo,Richarson's Farm,Richarson's Farm Oreo Cookie Frozen Yogurt 95% Fat Free,,Vanilla yogurt with Oreo cookies,7.99,0,Richardson's Farm,1-2 Gal. Container,1-2 Gal. Container,,,,,,,,,
Richardson's Farm Ice Cream,Frozen Yogurt,Cookie Dough,Richarson's Farm,Richarson's Farm Cookie Dough Frozen Yogurt 95% Fat Free,,Vanilla yogurt with chocolate chips and raw cookie dough pieces,7.99,0,Richardson's Farm,1-2 Gal. Container,1-2 Gal. Container,,,,,,,,,
Richardson's Farm Ice Cream,Frozen Yogurt,Vanilla,Richarson's Farm,Richarson's Farm French Vanilla Frozen Yogurt 95% Fat Free,,Vanilla yogurt with real eggs for a richer flavor,7.99,0,Richardson's Farm,1-2 Gal. Container,1-2 Gal. Container,,,,,,,,,
Richardson's Farm Ice Cream,Frozen Yogurt,Pistachio,Richarson's Farm,Richarson's Farm Pistachio Frozen Yogurt 95% Fat Free,,The real deal pistachio yogurt with pistacio nut pieces,7.99,0,Richardson's Farm,1-2 Gal. Container,1-2 Gal. Container,,,,,,,,,
Richardson's Farm Ice Cream,Frozen Yogurt,Black Raspberry,Richarson's Farm,Richarson's Farm Purple Berry Chip Frozen Yogurt 95% Fat Free,,Black raspberry yogurt with dark and white chocolate chips,7.99,0,Richardson's Farm,1-2 Gal. Container,1-2 Gal. Container,,,,,,,,,
Richardson's Farm Ice Cream,Frozen Yogurt,Chocolate,Richarson's Farm,Richarson's Farm Chocolate Almond Frozen Yogurt 95% Fat Free,,Chocolate yogurt with almonds,7.99,0,Richardson's Farm,1-2 Gal. Container,1-2 Gal. Container,,,,,,,,,
Richardson's Farm Ice Cream,Sherbet & Sorbet,Orange,Richarson's Farm,Richarson's Farm Orange Sherbet,,Delicious Sherbet for the lighter side,22.99,0,Richardson's Farm,3 Gal. Tub,3 Gal. Tub,,,,,,,,,
Richardson's Farm Ice Cream,Sherbet & Sorbet,Watermelon,Richarson's Farm,Richarson's Farm Watermelon Sherbet,,Delicious Sherbet for the lighter side,22.99,0,Richardson's Farm,3 Gal. Tub,3 Gal. Tub,,,,,,,,,
Richardson's Farm Ice Cream,Sherbet & Sorbet,Raspberry,Richarson's Farm,Richarson's Farm Raspberry Sorbet,,"Dairy free and Fat free Sorbet, made with real fruit",23.99,0,Richardson's Farm,3 Gal. Tub,3 Gal. Tub,,,,,,,,,
Richardson's Farm Ice Cream,Sherbet & Sorbet,Lemon,Richarson's Farm,Richarson's Farm Lemon Sorbet,,"Dairy free and Fat free Sorbet, made with real fruit",23.99,0,Richardson's Farm,3 Gal. Tub,3 Gal. Tub,,,,,,,,,
Richardson's Farm Ice Cream,Sherbet & Sorbet,Orange,Richarson's Farm,Richarson's Farm Orange Sherbet,,Delicious Sherbet for the lighter side,7.99,0,Richardson's Farm,1-2 Gal. Container,1-2 Gal. Container,,,,,,,,,
Richardson's Farm Ice Cream,Sherbet & Sorbet,Watermelon,Richarson's Farm,Richarson's Farm Watermelon Sherbet,,Delicious Sherbet for the lighter side,7.29,0,Richardson's Farm,1-2 Gal. Container,1-2 Gal. Container,,,,,,,,,