"ao_id","atid","title","weight","updated_at"
"1","25","Baking Ingredients",NULL,"2020-08-30 14:06:42"
"2","27","16 oz",NULL,"2020-08-30 14:06:42"
"3","25","Canned & Jarred Vegetables",NULL,"2020-08-30 14:06:42"
"4","27","15 oz",NULL,"2020-08-30 14:06:42"
"5","25","Fresh Dips & Tapenades",NULL,"2020-08-30 14:06:42"
"6","27","8 oz",NULL,"2020-08-30 14:06:42"
"7","25","Frozen Breakfast",NULL,"2020-08-30 14:06:42"
"8","27","7 oz",NULL,"2020-08-30 14:06:42"
"9","25","Instant Food",NULL,"2020-08-30 14:06:42"
"10","27","5.5 oz",NULL,"2020-08-30 14:06:42"
"11","25","Water, Seltzer & Sparkling Water",NULL,"2020-08-30 14:06:42"
"12","27","24 x 16.9 fl oz",NULL,"2020-08-30 14:06:42"
"13","25","Chips & Pretzels",NULL,"2020-08-30 14:06:42"
"14","27","28 x 1 oz",NULL,"2020-08-30 14:06:42"
"15","27","6.25 oz",NULL,"2020-08-30 14:06:42"
"16","25","Bars",NULL,"2020-08-30 14:06:42"
"17","27","6 ct",NULL,"2020-08-30 14:06:42"
"18","25","Cereal",NULL,"2020-08-30 14:06:42"
"19","27","19.4 oz",NULL,"2020-08-30 14:06:42"
"20","25","Coffee",NULL,"2020-08-30 14:06:42"
"21","27","12 oz",NULL,"2020-08-30 14:06:42"
"22","25","Bread",NULL,"2020-08-30 14:06:42"
"23","27","24 oz",NULL,"2020-08-30 14:06:42"
"24","25","Cream",NULL,"2020-08-30 14:06:42"
"25","27","16 fl oz",NULL,"2020-08-30 14:06:42"
"26","25","Cabbage",NULL,"2020-08-30 14:06:42"
"27","27","2 lb",NULL,"2020-08-30 14:06:42"
"28","25","Mint",NULL,"2020-08-30 14:06:42"
"29","27","1 bunch",NULL,"2020-08-30 14:06:42"
"30","25","Apple",NULL,"2020-08-30 14:06:42"
"31","27","1 bag(s)",NULL,"2020-08-30 14:06:42"
"32","25","Broccoli",NULL,"2020-08-30 14:06:42"
"33","27","1 lb",NULL,"2020-08-30 14:06:42"
"34","25","Ginger",NULL,"2020-08-30 14:06:42"
"35","27","4 oz",NULL,"2020-08-30 14:06:42"
"36","25","Air Freshener",NULL,"2020-08-30 14:06:42"
"37","27","0.27 oz",NULL,"2020-08-30 14:06:42"
"38","25","Bathroom Cleaner",NULL,"2020-08-30 14:06:42"
"39","27","32 fl oz",NULL,"2020-08-30 14:06:42"
"40","25","Dishwasher Detergent",NULL,"2020-08-30 14:06:42"
"41","27","75 fl oz",NULL,"2020-08-30 14:06:42"
"42","25","Aluminium Foil",NULL,"2020-08-30 14:06:42"
"43","27","75 sq ft",NULL,"2020-08-30 14:06:42"
"44","25","Laundry Detergent",NULL,"2020-08-30 14:06:42"
"45","25","Bathroom Tissues / Toilet Paper",NULL,"2020-08-30 14:06:42"
"46","27","20 count",NULL,"2020-08-30 14:06:42"
"47","25","Regular Trash Bags",NULL,"2020-08-30 14:06:42"
"48","27","80 count",NULL,"2020-08-30 14:06:42"
"49","25","Body Wash",NULL,"2020-08-30 14:06:42"
"50","25","Family Planning",NULL,"2020-08-30 14:06:42"
"51","27","2 count",NULL,"2020-08-30 14:06:42"
"52","25","Deodorants",NULL,"2020-08-30 14:06:42"
"53","27","1.6 oz",NULL,"2020-08-30 14:06:42"
"54","25","Pad",NULL,"2020-08-30 14:06:42"
"55","25","Vitamins & Supplements",NULL,"2020-08-30 14:06:42"
"56","27","120 count",NULL,"2020-08-30 14:06:42"
"57","25","Cold, Flu & Allergy",NULL,"2020-08-30 14:06:42"
"58","27","0.5 fl oz",NULL,"2020-08-30 14:06:42"
"59","25","Beef",NULL,"2020-08-30 14:06:42"
"60","25","Pork",NULL,"2020-08-30 14:06:42"
"61","27","1.05 lb",NULL,"2020-08-30 14:06:42"
"62","25","Bacon",NULL,"2020-08-30 14:06:42"
"63","25","Ham",NULL,"2020-08-30 14:06:42"
"64","27","6 oz",NULL,"2020-08-30 14:06:42"
"65","25","Meat Preparation",NULL,"2020-08-30 14:06:42"
"66","27","5 oz",NULL,"2020-08-30 14:06:42"
"67","25","Canned Sardines",NULL,"2020-08-30 14:06:42"
"68","27","4.25 oz",NULL,"2020-08-30 14:06:42"
"69","25","Frozen Shrimp",NULL,"2020-08-30 14:06:42"
"70","27","32 oz",NULL,"2020-08-30 14:06:42"
"73","27","8 fl oz",NULL,"2020-08-30 21:51:31"
"74","25","Air Freshener Refill",NULL,"2020-08-30 21:51:31"
"75","27","0.67 fl oz",NULL,"2020-08-30 21:51:31"
"76","25","Automatic Spray & Refill",NULL,"2020-08-30 21:51:31"
"77","27","1 count",NULL,"2020-08-30 21:51:31"
"78","27","6.17 oz",NULL,"2020-08-30 21:51:31"
"79","27","6.2 fl oz",NULL,"2020-08-30 21:51:31"
"80","25","Candle",NULL,"2020-08-30 21:51:31"
"81","27","4.2 oz",NULL,"2020-08-30 21:51:31"
"82","27","1 ct",NULL,"2020-08-30 21:51:31"
"83","25","Other Air Fresheners & Candles",NULL,"2020-08-30 21:51:31"
"84","27","9.7 oz",NULL,"2020-08-30 21:51:31"
"85","27","9.7 fl oz",NULL,"2020-08-30 21:51:31"
"86","27","1.34 fl oz",NULL,"2020-08-30 21:51:31"
"87","25","Scented Oil Refill",NULL,"2020-08-30 21:51:31"
"88","27","2 x 0.67 fl oz",NULL,"2020-08-30 21:51:31"
"89","27","0.879 fl oz",NULL,"2020-08-30 21:51:31"
"90","27","0.87 fl oz",NULL,"2020-08-30 21:51:31"
"91","27","3 x 0.67 fl oz",NULL,"2020-08-30 21:51:31"
"92","27","2 x 1.34 fl oz",NULL,"2020-08-30 21:51:31"
"93","25","All Purpose Cleaner",NULL,"2020-08-30 21:51:31"
"94","27","12 x 14 oz",NULL,"2020-08-30 21:51:31"
"95","27","48 fl oz",NULL,"2020-08-30 21:51:31"
"96","27","28 fl oz",NULL,"2020-08-30 21:51:31"
"97","27","40 fl oz",NULL,"2020-08-30 21:51:31"
"98","27","22 fl oz",NULL,"2020-08-30 21:51:31"
"99","25","Antibacterial Cleaner",NULL,"2020-08-30 21:51:31"
"100","27","19 fl oz",NULL,"2020-08-30 21:51:31"
"101","25","Bleach",NULL,"2020-08-30 21:51:31"
"102","27","1.25 oz",NULL,"2020-08-30 21:51:31"
"103","27","3.5 oz",NULL,"2020-08-30 21:51:31"
"104","27","14 oz",NULL,"2020-08-30 21:51:31"
"105","25","Carpet Cleaner",NULL,"2020-08-30 21:51:31"
"106","27","22 oz",NULL,"2020-08-30 21:51:31"
"107","27","27.5 fl oz",NULL,"2020-08-30 21:51:31"
"108","27","30 oz",NULL,"2020-08-30 21:51:31"
"109","25","Cleaning Brush",NULL,"2020-08-30 21:51:31"
"110","25","Cleaning Wipes",NULL,"2020-08-30 21:51:31"
"111","27","30 count",NULL,"2020-08-30 21:51:31"
"112","25","Disinfecting Wipes & Sprays",NULL,"2020-08-30 21:51:32"
"113","27","35 count",NULL,"2020-08-30 21:51:32"
"114","27","12.5 oz",NULL,"2020-08-30 21:51:32"
"115","27","20.3 oz",NULL,"2020-08-30 21:51:32"
"116","25","Drain Cleaner",NULL,"2020-08-30 21:51:32"
"117","27","16 count",NULL,"2020-08-30 21:51:32"
"118","25","Mop",NULL,"2020-08-30 21:51:32"
"119","25","Mop Refill",NULL,"2020-08-30 21:51:32"
"120","25","More Household",NULL,"2020-08-30 21:51:32"
"121","25","Other Cleaning Products",NULL,"2020-08-30 21:51:32"
"122","27","10 oz",NULL,"2020-08-30 21:51:32"
"123","27","17 fl oz",NULL,"2020-08-30 21:51:32"
"124","27","14.5 oz",NULL,"2020-08-30 21:51:32"
"125","27","27 oz",NULL,"2020-08-30 21:51:32"
"126","27","64 fl oz",NULL,"2020-08-30 21:51:32"
"127","27","4 count",NULL,"2020-08-30 21:51:32"
"128","27","27 fl oz",NULL,"2020-08-30 21:51:32"
"129","27","3 count",NULL,"2020-08-30 21:51:32"
"130","27","10 fl oz",NULL,"2020-08-30 21:51:32"
"131","27","14 fl oz",NULL,"2020-08-30 21:51:32"
"132","27","5 count",NULL,"2020-08-30 21:51:32"
"133","27","7 count",NULL,"2020-08-30 21:51:32"
"134","27","15 count",NULL,"2020-08-30 21:51:32"
"135","27","12 fl oz",NULL,"2020-08-30 21:51:32"
"136","27","23 fl oz",NULL,"2020-08-30 21:51:32"
"137","27","7 fl oz",NULL,"2020-08-30 21:51:32"
"138","25","Scrub Bob",NULL,"2020-08-30 21:51:32"
"139","25","Scrub Sponge",NULL,"2020-08-30 21:51:32"
"140","27","10 count",NULL,"2020-08-30 21:51:32"
"141","27","6 count",NULL,"2020-08-30 21:51:33"
"142","27","18 count",NULL,"2020-08-30 21:51:33"
"143","25","Toilet Bowl Cleaner",NULL,"2020-08-30 21:51:33"
"144","27","2 x 24 fl oz",NULL,"2020-08-30 21:51:33"
"145","27","3.4 fl oz",NULL,"2020-08-30 21:51:33"
"146","25","Toilet Cleaner",NULL,"2020-08-30 21:51:33"
"147","27","2 x 3.5 oz",NULL,"2020-08-30 21:51:33"
"148","27","12 count",NULL,"2020-08-30 21:51:33"
"149","27","1.34 oz",NULL,"2020-08-30 21:51:33"
"150","27","24 fl oz",NULL,"2020-08-30 21:51:33"
"151","27","1.7 oz",NULL,"2020-08-30 21:51:33"
"152","25","Window and Glass Cleaner",NULL,"2020-08-30 21:51:33"
"153","27","67.6 fl oz",NULL,"2020-08-30 21:51:33"
"154","25","Dish Liquid",NULL,"2020-08-30 21:51:33"
"155","27","30 fl oz",NULL,"2020-08-30 21:51:33"
"156","27","12.6 fl oz",NULL,"2020-08-30 21:51:33"
"157","27","18 fl oz",NULL,"2020-08-30 21:51:33"
"158","27","21.6 fl oz",NULL,"2020-08-30 21:51:33"
"159","27","19.4 fl oz",NULL,"2020-08-30 21:51:33"
"160","27","38 fl oz",NULL,"2020-08-30 21:51:33"
"161","27","63 x 39.9 oz",NULL,"2020-08-30 21:51:33"
"162","27","20 fl oz",NULL,"2020-08-30 21:51:33"
"163","27","25 fl oz",NULL,"2020-08-30 21:51:33"
"164","27","32.5 fl oz",NULL,"2020-08-30 21:51:33"
"165","27","25 oz",NULL,"2020-08-30 21:51:33"
"166","25","Dish Liquid & Hand Soap",NULL,"2020-08-30 21:51:33"
"167","27","23 count",NULL,"2020-08-30 21:51:33"
"168","27","15.8 oz",NULL,"2020-08-30 21:51:33"
"169","27","9.5 oz",NULL,"2020-08-30 21:51:33"
"170","27","32 count",NULL,"2020-08-30 21:51:33"
"171","27","34.8 oz",NULL,"2020-08-30 21:51:33"
"172","27","14.3 oz",NULL,"2020-08-30 21:51:33"
"173","27","17 count",NULL,"2020-08-30 21:51:33"
"174","27","17 oz",NULL,"2020-08-30 21:51:33"
"175","27","45 count",NULL,"2020-08-30 21:51:33"
"176","27","14.6 oz",NULL,"2020-08-30 21:51:33"
"177","27","26.3 oz",NULL,"2020-08-30 21:51:33"
"178","27","14 count",NULL,"2020-08-30 21:51:33"
"179","27","75 oz",NULL,"2020-08-30 21:51:33"
"180","27","12.7 oz",NULL,"2020-08-30 21:51:33"
"181","27","45 oz",NULL,"2020-08-30 21:51:33"
"182","25","Dishwasher Rinse and Dry Agent",NULL,"2020-08-30 21:51:33"
"183","27","8.45 fl oz",NULL,"2020-08-30 21:51:33"
"184","27","200 sq ft",NULL,"2020-08-30 21:51:33"
"185","27","50 sq ft",NULL,"2020-08-30 21:51:33"
"186","27","35 sq ft",NULL,"2020-08-30 21:51:33"
"187","25","Baking Pan",NULL,"2020-08-30 21:51:33"
"188","25","Cake Pans",NULL,"2020-08-30 21:51:33"
"189","25","Casserole Pans",NULL,"2020-08-30 21:51:33"
"190","25","Corkscrew",NULL,"2020-08-30 21:51:33"
"191","25","Lasagna Pans",NULL,"2020-08-30 21:51:33"
"192","25","Meat Loaf Pans",NULL,"2020-08-30 21:51:33"
"193","25","Muffin Pans",NULL,"2020-08-30 21:51:34"
"194","25","Multi Purpose Pans",NULL,"2020-08-30 21:51:34"
"195","25","Parchment Paper",NULL,"2020-08-30 21:51:34"
"196","27","22 count",NULL,"2020-08-30 21:51:34"
"197","25","Pasta Pan",NULL,"2020-08-30 21:51:34"
"198","25","Pie Pans",NULL,"2020-08-30 21:51:34"
"199","25","Plastic/Cling Wrap",NULL,"2020-08-30 21:51:34"
"200","27","400 sq ft",NULL,"2020-08-30 21:51:34"
"201","27","100 sq ft",NULL,"2020-08-30 21:51:34"
"202","25","Roaster Pans",NULL,"2020-08-30 21:51:34"
"203","25","Storage Bags",NULL,"2020-08-30 21:51:34"
"204","27","8 count",NULL,"2020-08-30 21:51:34"
"205","27","12 x 1 gal",NULL,"2020-08-30 21:51:34"
"206","27","13 count",NULL,"2020-08-30 21:51:34"
"207","27","30 x 1 gal",NULL,"2020-08-30 21:51:34"
"208","27","150 bag(s)",NULL,"2020-08-30 21:51:34"
"209","27","300 bag(s)",NULL,"2020-08-30 21:51:34"
"210","27","75 count",NULL,"2020-08-30 21:51:34"
"211","27","40 count",NULL,"2020-08-30 21:51:34"
"212","27","50 bag(s)",NULL,"2020-08-30 21:51:34"
"213","27","100 bag(s)",NULL,"2020-08-30 21:51:34"
"214","27","200 bag(s)",NULL,"2020-08-30 21:51:34"
"215","27","25 count",NULL,"2020-08-30 21:51:34"
"216","27","30 bag(s)",NULL,"2020-08-30 21:51:34"
"217","27","100 count",NULL,"2020-08-30 21:51:34"
"218","27","28 x 1 gal",NULL,"2020-08-30 21:51:34"
"219","27","38 count",NULL,"2020-08-30 21:51:34"
"220","27","19 count",NULL,"2020-08-30 21:51:34"
"221","27","90 count",NULL,"2020-08-30 21:51:34"
"222","27","10 x 1 gal",NULL,"2020-08-30 21:51:34"
"223","27","48 count",NULL,"2020-08-30 21:51:34"
"224","25","Storage Containers",NULL,"2020-08-30 21:51:34"
"225","25","Utensils & Kitchen Supplies",NULL,"2020-08-30 21:51:34"
"226","27","50 count",NULL,"2020-08-30 21:51:34"
"227","27","2.5 oz",NULL,"2020-08-30 21:51:34"
"228","25","Fabric Softener",NULL,"2020-08-30 21:51:35"
"229","27","100 oz",NULL,"2020-08-30 21:51:35"
"230","27","94.5 fl oz",NULL,"2020-08-30 21:51:35"
"231","27","50 fl oz",NULL,"2020-08-30 21:51:35"
"232","27","50 oz",NULL,"2020-08-30 21:51:35"
"233","27","92 fl oz",NULL,"2020-08-30 21:51:35"
"234","27","138 oz",NULL,"2020-08-30 21:51:35"
"235","27","32 x 30 oz",NULL,"2020-08-30 21:51:35"
"236","25","Other Laundry Products",NULL,"2020-08-30 21:51:35"
"237","25","Stain Remover",NULL,"2020-08-30 21:51:35"
"238","27","1 unit",NULL,"2020-08-30 21:51:35"
"239","25","Cooker Liner",NULL,"2020-08-30 21:51:35"
"240","25","Large Trash Bags",NULL,"2020-08-30 21:51:35"
"241","27","28 count",NULL,"2020-08-30 21:51:35"
"242","27","56 count",NULL,"2020-08-30 21:51:35"
"243","27","28 x 30 gal",NULL,"2020-08-30 21:51:35"
"244","27","30 gal",NULL,"2020-08-30 21:51:35"
"245","27","45 x 13 gal",NULL,"2020-08-30 21:51:35"
"246","25","Small Trash Bag",NULL,"2020-08-30 21:51:35"
"247","27","15 x 1 gal",NULL,"2020-08-30 21:51:35"
"248","25","Tall Trash Bags",NULL,"2020-08-30 21:51:35"
"249","27","96 x 13 gal",NULL,"2020-08-30 21:51:35"
"250","27","34 count",NULL,"2020-08-30 21:51:35"
"251","27","13 gal",NULL,"2020-08-30 21:51:35"
"252","27","76 count",NULL,"2020-08-30 21:51:35"
"253","27","45 x 1 gal",NULL,"2020-08-30 21:51:35"
"254","27","40 x 1 gal",NULL,"2020-08-30 21:51:35"
"255","27","90 x 1 gal",NULL,"2020-08-30 21:51:35"
"256","27","45.4 fl oz",NULL,"2020-08-30 21:51:35"
"257","27","188 fl oz",NULL,"2020-08-30 21:51:35"
"258","27","250 fl oz",NULL,"2020-08-30 21:51:35"
"259","27","1.58 L",NULL,"2020-08-30 21:51:35"
"260","27","60 fl oz",NULL,"2020-08-30 21:51:35"
"261","27","100.5 fl oz",NULL,"2020-08-30 21:51:35"
"262","27","1.58 kg",NULL,"2020-08-30 21:51:35"
"263","27","95 fl oz",NULL,"2020-08-30 21:51:36"
"264","27","65 fl oz",NULL,"2020-08-30 21:51:36"
"265","27","128 fl oz",NULL,"2020-08-30 21:51:36"
"266","27","150 fl oz",NULL,"2020-08-30 21:51:36"
"267","27","19 pack",NULL,"2020-08-30 21:51:36"
"268","27","22 pack",NULL,"2020-08-30 21:51:36"
"269","27","29 pack",NULL,"2020-08-30 21:51:36"
"270","27","45 pack",NULL,"2020-08-30 21:51:36"
"271","27","58 pack",NULL,"2020-08-30 21:51:36"
"272","27","95 oz",NULL,"2020-08-30 21:51:36"
"273","27","115 fl oz",NULL,"2020-08-30 21:51:36"
"274","27","31 fl oz",NULL,"2020-08-30 21:51:36"
"275","27","69 fl oz",NULL,"2020-08-30 21:51:36"
"276","27","138 fl oz",NULL,"2020-08-30 21:51:36"
"277","27","32 pack",NULL,"2020-08-30 21:51:36"
"278","27","42 pack",NULL,"2020-08-30 21:51:36"
"279","27","72 pack",NULL,"2020-08-30 21:51:36"
"280","27","411 g",NULL,"2020-08-30 21:51:36"
"281","27","460 g",NULL,"2020-08-30 21:51:36"
"282","27","100 fl oz",NULL,"2020-08-30 21:51:36"
"283","27","34 fl oz",NULL,"2020-08-30 21:51:36"
"284","27","66 fl oz",NULL,"2020-08-30 21:51:36"
"285","27","20 pack",NULL,"2020-08-30 21:51:36"
"286","27","43.75 fl oz",NULL,"2020-08-30 21:51:36"
"287","27","122.5 fl oz",NULL,"2020-08-30 21:51:36"
"288","27","40 packs",NULL,"2020-08-30 21:51:36"
"289","25","Scent Booster",NULL,"2020-08-30 21:51:36"
"290","27","39 pacs",NULL,"2020-08-30 21:51:36"
"291","27","36 fl oz",NULL,"2020-08-30 21:51:36"
"292","27","88 fl oz",NULL,"2020-08-30 21:51:36"
"293","27","39.7 oz",NULL,"2020-08-30 21:51:36"
"294","27","141 fl oz",NULL,"2020-08-30 21:51:37"
"295","27","285 g",NULL,"2020-08-30 21:51:37"
"296","27","1.53 L",NULL,"2020-08-30 21:51:37"
"297","27","192 fl oz",NULL,"2020-08-30 21:51:37"
"298","27","3.06 L",NULL,"2020-08-30 21:51:37"
"299","27","1.02 L",NULL,"2020-08-30 21:51:37"
"300","27","0.96 L",NULL,"2020-08-30 21:51:37"
"301","27","740 ml",NULL,"2020-08-30 21:51:37"
"302","27","31.7 fl oz",NULL,"2020-08-30 21:51:37"
"303","27","255 g",NULL,"2020-08-30 21:51:37"
"304","27","400 g",NULL,"2020-08-30 21:51:37"
"305","27","96 fl oz",NULL,"2020-08-30 21:51:37"
"306","27","72 fl oz",NULL,"2020-08-30 21:51:37"
"307","25","Laundry Whitener",NULL,"2020-08-30 21:51:37"
"308","27","15 fl oz",NULL,"2020-08-30 21:51:37"
"309","27","24 count",NULL,"2020-08-30 21:51:37"
"310","27","9 count",NULL,"2020-08-30 21:51:37"
"311","25","Facial Tissues",NULL,"2020-08-30 21:51:37"
"312","25","Paper Napkins",NULL,"2020-08-30 21:51:37"
"313","27","250 count",NULL,"2020-08-30 21:51:37"
"314","27","1 pack",NULL,"2020-08-30 21:51:37"
"315","25","Paper Towels",NULL,"2020-08-30 21:51:37"
"316","25","Straws",NULL,"2020-08-30 21:51:37"
"317","25","Wipes",NULL,"2020-08-30 21:51:37"
"318","27","4 boxes",NULL,"2020-08-30 21:51:37"
"319","27","124 count",NULL,"2020-08-30 21:51:37"
"320","27","110 count",NULL,"2020-08-30 21:51:37"
"321","27","144 count",NULL,"2020-08-30 21:51:37"
"322","27","64 count",NULL,"2020-08-30 21:51:37"
"323","27","66 count",NULL,"2020-08-30 21:51:37"
"324","27","230 count",NULL,"2020-08-30 21:51:37"
"325","25","Body Lotion",NULL,"2020-08-30 21:54:27"
"326","27","16.9 fl oz",NULL,"2020-08-30 21:54:27"
"327","27","8.4 fl oz",NULL,"2020-08-30 21:54:27"
"328","27","6 fl oz",NULL,"2020-08-30 21:54:27"
"329","27","13.5 fl oz",NULL,"2020-08-30 21:54:27"
"330","27","6.5 oz",NULL,"2020-08-30 21:54:27"
"331","25","Body Lotions & Soap",NULL,"2020-08-30 21:54:27"
"332","27","1.75 oz",NULL,"2020-08-30 21:54:27"
"333","27","4 lb",NULL,"2020-08-30 21:54:27"
"334","25","Body Sponge",NULL,"2020-08-30 21:54:27"
"335","27","13.5 oz",NULL,"2020-08-30 21:54:27"
"336","27","16.5 fl oz",NULL,"2020-08-30 21:54:28"
"337","27","2 oz",NULL,"2020-08-30 21:54:28"
"338","25","Hair Care",NULL,"2020-08-30 21:54:28"
"339","27","12.5 fl oz",NULL,"2020-08-30 21:54:28"
"340","27","20.4 oz",NULL,"2020-08-30 21:54:28"
"341","27","5.1 fl oz",NULL,"2020-08-30 21:54:28"
"342","27","8.5 oz",NULL,"2020-08-30 21:54:28"
"343","27","6.8 fl oz",NULL,"2020-08-30 21:54:28"
"344","27","13 fl oz",NULL,"2020-08-30 21:54:28"
"345","27","8.2 oz",NULL,"2020-08-30 21:54:28"
"346","27","10.2 fl oz",NULL,"2020-08-30 21:54:28"
"347","27","8.5 fl oz",NULL,"2020-08-30 21:54:28"
"348","27","8.4 oz",NULL,"2020-08-30 21:54:28"
"349","27","6.8 oz",NULL,"2020-08-30 21:54:28"
"350","27","11.7 count",NULL,"2020-08-30 21:54:28"
"351","27","10.1 fl oz",NULL,"2020-08-30 21:54:28"
"352","27","4 fl oz",NULL,"2020-08-30 21:54:28"
"353","27","9 fl oz",NULL,"2020-08-30 21:54:28"
"354","27","14.2 fl oz",NULL,"2020-08-30 21:54:28"
"355","27","3 oz",NULL,"2020-08-30 21:54:28"
"356","27","4.4 fl oz",NULL,"2020-08-30 21:54:28"
"357","27","21.1 fl oz",NULL,"2020-08-30 21:54:28"
"358","27","6.6 oz",NULL,"2020-08-30 21:54:28"
"359","27","25.4 fl oz",NULL,"2020-08-30 21:54:28"
"360","27","9 oz",NULL,"2020-08-30 21:54:28"
"361","27","12.6 oz",NULL,"2020-08-30 21:54:28"
"362","27","11 oz",NULL,"2020-08-30 21:54:29"
"363","27","22.5 oz",NULL,"2020-08-30 21:54:29"
"364","27","28 oz",NULL,"2020-08-30 21:54:29"
"365","27","10.5 oz",NULL,"2020-08-30 21:54:29"
"366","25","Scrub",NULL,"2020-08-30 21:54:29"
"367","25","Shower Gel",NULL,"2020-08-30 21:54:29"
"368","25","Soap",NULL,"2020-08-30 21:54:29"
"369","27","3 x 4 oz",NULL,"2020-08-30 21:54:29"
"370","27","7.5 fl oz",NULL,"2020-08-30 21:54:29"
"371","27","7.5 oz",NULL,"2020-08-30 21:54:29"
"372","27","8 x 4 oz",NULL,"2020-08-30 21:54:29"
"373","27","6 x 4 oz",NULL,"2020-08-30 21:54:29"
"374","27","3.75 oz",NULL,"2020-08-30 21:54:29"
"375","27","3.17 oz",NULL,"2020-08-30 21:54:29"
"376","27","6 x 3.75 oz",NULL,"2020-08-30 21:54:29"
"377","27","2 x 3.75 oz",NULL,"2020-08-30 21:54:29"
"378","27","11.25 oz",NULL,"2020-08-30 21:54:29"
"379","27","8 x 3.75 oz",NULL,"2020-08-30 21:54:29"
"380","27","3.1 oz",NULL,"2020-08-30 21:54:29"
"381","27","9.52 oz",NULL,"2020-08-30 21:54:29"
"382","27","38.8 oz",NULL,"2020-08-30 21:54:29"
"383","27","4 x 3.5 oz",NULL,"2020-08-30 21:54:29"
"384","27","56 fl oz",NULL,"2020-08-30 21:54:29"
"385","27","3 x 3.2 oz",NULL,"2020-08-30 21:54:29"
"386","27","15.9 oz",NULL,"2020-08-30 21:54:29"
"387","27","2 fl oz",NULL,"2020-08-30 21:54:29"
"388","25","Anti-Itch care",NULL,"2020-08-30 21:54:29"
"389","27","1 oz",NULL,"2020-08-30 21:54:29"
"390","25","Menstrual Pads",NULL,"2020-08-30 21:54:29"
"391","27","36 count",NULL,"2020-08-30 21:54:29"
"392","27","26 count",NULL,"2020-08-30 21:54:29"
"393","27","42 count",NULL,"2020-08-30 21:54:29"
"394","25","Pantiliner",NULL,"2020-08-30 21:54:30"
"395","25","Tampon",NULL,"2020-08-30 21:54:30"
"396","27","1.5 oz",NULL,"2020-08-30 21:54:30"
"397","27","60 count",NULL,"2020-08-30 21:54:30"
"398","27","1.76 oz",NULL,"2020-08-30 21:54:30"
"399","25","Digestion",NULL,"2020-08-30 21:54:30"
"400","27","144 fl oz",NULL,"2020-08-30 21:54:30"
"401","27","8.3 oz",NULL,"2020-08-30 21:54:30"
"402","27","72 count",NULL,"2020-08-30 21:54:30"
"403","27","96 count",NULL,"2020-08-30 21:54:30"
"404","27","150 count",NULL,"2020-08-30 21:54:30"
"405","25","First Aid",NULL,"2020-08-30 21:54:30"
"406","27","0.42 oz",NULL,"2020-08-30 21:54:30"
"407","27","0.5 oz",NULL,"2020-08-30 21:54:30"
"408","25","Menstrual Relief",NULL,"2020-08-30 21:54:30"
"409","25","Muscles, Joints & Pain Relief",NULL,"2020-08-30 21:54:31"
"410","27","300 count",NULL,"2020-08-30 21:54:31"
"411","25","Beauty Products",NULL,"2020-08-30 21:54:31"
"412","27","2.6 oz",NULL,"2020-08-30 21:54:31"
"413","27","2.6 fl oz",NULL,"2020-08-30 21:54:31"
"414","27","2.7 oz",NULL,"2020-08-30 21:54:31"
"415","27","3 fl oz",NULL,"2020-08-30 21:54:31"
"416","27","2.85 oz",NULL,"2020-08-30 21:54:31"
"417","27","2.3 oz",NULL,"2020-08-30 21:54:31"
"418","27","2.25 oz",NULL,"2020-08-30 21:54:31"
"419","27","3.25 oz",NULL,"2020-08-30 21:54:31"
"420","25","Eye & Ear Care",NULL,"2020-08-30 21:54:32"
"421","27","1 fl oz",NULL,"2020-08-30 21:54:32"
"422","27","170 count",NULL,"2020-08-30 21:54:32"
"423","27","375 count",NULL,"2020-08-30 21:54:32"
"424","27","500 count",NULL,"2020-08-30 21:54:32"
"425","27","0.41 fl oz",NULL,"2020-08-30 21:54:32"
"426","27","0.33 fl oz",NULL,"2020-08-30 21:54:32"
"427","25","Facial Care",NULL,"2020-08-30 21:54:32"
"428","27","0.15 oz",NULL,"2020-08-30 21:54:32"
"429","27","6.78 fl oz",NULL,"2020-08-30 21:54:32"
"430","27","1.69 oz",NULL,"2020-08-30 21:54:32"
"431","27","1.6 fl oz",NULL,"2020-08-30 21:54:32"
"432","27","5 fl oz",NULL,"2020-08-30 21:54:32"
"433","27","3.9 oz",NULL,"2020-08-30 21:54:32"
"434","27","54 count",NULL,"2020-08-30 21:54:32"
"435","27","2.5 fl oz",NULL,"2020-08-30 21:54:32"
"436","25","Facial Wipes",NULL,"2020-08-30 21:54:32"
"437","25","Hand Wash",NULL,"2020-08-30 21:54:32"
"438","27","300 ml",NULL,"2020-08-30 21:54:32"
"439","25","Nail Polish Remover",NULL,"2020-08-30 21:54:32"
"440","25","Oral Hygiene",NULL,"2020-08-30 21:54:32"
"441","27","0.07 oz",NULL,"2020-08-30 21:54:32"
"442","27","7.2 oz",NULL,"2020-08-30 21:54:32"
"443","27","0.33 oz",NULL,"2020-08-30 21:54:32"
"444","27","5.6 oz",NULL,"2020-08-30 21:54:32"
"445","27","6.4 oz",NULL,"2020-08-30 21:54:32"
"446","27","4.3 oz",NULL,"2020-08-30 21:54:33"
"447","27","33 oz",NULL,"2020-08-30 21:54:33"
"448","27","4.6 oz",NULL,"2020-08-30 21:54:33"
"449","27","5.8 oz",NULL,"2020-08-30 21:54:33"
"450","27","4.1 oz",NULL,"2020-08-30 21:54:33"
"451","27","6.2 oz",NULL,"2020-08-30 21:54:33"
"452","27","3.7 oz",NULL,"2020-08-30 21:54:33"
"453","27","250 ml",NULL,"2020-08-30 21:54:33"
"454","27","1 L",NULL,"2020-08-30 21:54:33"
"455","27","4.2 count",NULL,"2020-08-30 21:54:33"
"456","27","44 count",NULL,"2020-08-30 21:54:33"
"457","27","2 x fl oz",NULL,"2020-08-30 21:54:33"
"458","27","38.2 yd",NULL,"2020-08-30 21:54:33"
"459","27","55 count",NULL,"2020-08-30 21:54:33"
"460","27","500 fl oz",NULL,"2020-08-30 21:54:33"
"461","27","1.5 L",NULL,"2020-08-30 21:54:33"
"462","27","43.7 yd",NULL,"2020-08-30 21:54:33"
"463","27","50 meters",NULL,"2020-08-30 21:54:33"
"464","27","55 yd",NULL,"2020-08-30 21:54:34"
"465","27","54.6 yd",NULL,"2020-08-30 21:54:34"
"466","27","3.4 oz",NULL,"2020-08-30 21:54:34"
"467","27","5.5 fl oz",NULL,"2020-08-30 21:54:34"
"468","27","4.7 oz",NULL,"2020-08-30 21:54:34"
"469","25","Shave Needs",NULL,"2020-08-30 21:54:34"
"470","27","11 fl oz",NULL,"2020-08-30 21:54:34"
"471","25","Skin care",NULL,"2020-08-30 21:54:34"
"472","27","2 x 4.5 fl oz",NULL,"2020-08-30 21:54:34"
"473","25","Protein & Meal Replacements",NULL,"2020-08-30 21:54:34"
"474","27","2.12 oz",NULL,"2020-08-30 21:54:34"
"475","27","5 x 1.5 oz",NULL,"2020-08-30 21:54:34"
"476","27","4 x 11 fl oz",NULL,"2020-08-30 21:54:34"
"477","27","6 x 8 fl oz",NULL,"2020-08-30 21:54:34"
"478","27","4 x 10 fl oz",NULL,"2020-08-30 21:54:34"
"479","27","5 x 7.9 oz",NULL,"2020-08-30 21:54:34"
"480","27","4 x 40 fl oz",NULL,"2020-08-30 21:54:34"
"481","27","70 count",NULL,"2020-08-30 21:54:34"
"482","27","125 count",NULL,"2020-08-30 21:54:34"
"483","27","200 count",NULL,"2020-08-30 21:54:34"
"484","27","180 count",NULL,"2020-08-30 21:54:34"
"485","27","175 count",NULL,"2020-08-30 21:54:35"
"486","27","220 count",NULL,"2020-08-30 21:54:35"
"487","27","65 count",NULL,"2020-08-30 21:54:35"
"488","27","5 lb",NULL,"2020-08-30 22:44:00"
"489","25","Banana",NULL,"2020-08-30 22:44:00"
"490","25","Blackberries",NULL,"2020-08-30 22:44:00"
"491","27","2 box",NULL,"2020-08-30 22:44:00"
"492","25","Blueberries",NULL,"2020-08-30 22:44:00"
"493","25","Cantaloupe",NULL,"2020-08-30 22:44:00"
"494","25","Clementine",NULL,"2020-08-30 22:44:00"
"495","27","3 lb",NULL,"2020-08-30 22:44:00"
"496","25","Coconut",NULL,"2020-08-30 22:44:00"
"497","25","Dragon Fruit",NULL,"2020-08-30 22:44:01"
"498","25","Gooseberries",NULL,"2020-08-30 22:44:01"
"499","25","Grapes",NULL,"2020-08-30 22:44:01"
"500","27","3 lb bag",NULL,"2020-08-30 22:44:01"
"501","25","Kiwi",NULL,"2020-08-30 22:44:01"
"502","27","1 basket",NULL,"2020-08-30 22:44:01"
"503","25","Mandarin",NULL,"2020-08-30 22:44:01"
"504","27","3 lbs",NULL,"2020-08-30 22:44:01"
"505","25","Basil",NULL,"2020-08-30 22:44:01"
"506","27","0.75 oz",NULL,"2020-08-30 22:44:01"
"507","25","Mango",NULL,"2020-08-30 22:44:01"
"508","27","1 each",NULL,"2020-08-30 22:44:01"
"509","25","Melon",NULL,"2020-08-30 22:44:01"
"510","25","Orange",NULL,"2020-08-30 22:44:01"
"511","25","Papaya",NULL,"2020-08-30 22:44:01"
"512","25","Pear",NULL,"2020-08-30 22:44:01"
"513","25","Pineapple",NULL,"2020-08-30 22:44:01"
"514","25","Plum",NULL,"2020-08-30 22:44:01"
"515","25","Pomegranate",NULL,"2020-08-30 22:44:01"
"516","25","Red Quava",NULL,"2020-08-30 22:44:01"
"517","25","Watermelon",NULL,"2020-08-30 22:44:01"
"518","25","Dil Leaves",NULL,"2020-08-30 22:44:01"
"519","25","Flowers",NULL,"2020-08-30 22:44:01"
"520","25","Garlic",NULL,"2020-08-30 22:44:01"
"521","25","Parsley",NULL,"2020-08-30 22:44:01"
"522","25","Turmeric",NULL,"2020-08-30 22:44:01"
"523","25","Strawberries",NULL,"2020-08-30 22:44:01"
"524","27","1 box",NULL,"2020-08-30 22:44:01"
"525","25","Dill",NULL,"2020-08-30 22:44:01"
"526","27","0.67 oz",NULL,"2020-08-30 22:44:01"
"527","25","Carrot",NULL,"2020-08-30 22:44:01"
"528","25","Cauliflower",NULL,"2020-08-30 22:44:01"
"529","25","Cucumber",NULL,"2020-08-30 22:44:01"
"530","25","Eggplant",NULL,"2020-08-30 22:44:01"
"531","25","Lemon",NULL,"2020-08-30 22:44:01"
"532","25","Lettuce",NULL,"2020-08-30 22:44:01"
"533","27","1 head",NULL,"2020-08-30 22:44:01"
"534","25","Mushroom",NULL,"2020-08-30 22:44:01"
"535","25","Onion",NULL,"2020-08-30 22:44:01"
"536","25","Pepper",NULL,"2020-08-30 22:44:01"
"537","25","Potato",NULL,"2020-08-30 22:44:01"
"538","25","Spinach",NULL,"2020-08-30 22:44:01"
"539","25","Squash",NULL,"2020-08-30 22:44:01"
"540","25","Tomato",NULL,"2020-08-30 22:44:01"
"541","25","Aloe Vera",NULL,"2020-08-30 22:44:01"
"542","25","Anise",NULL,"2020-08-30 22:44:01"
"543","25","Apricot",NULL,"2020-08-30 22:44:01"
"544","25","Asparagus",NULL,"2020-08-30 22:44:01"
"545","25","Avacado",NULL,"2020-08-30 22:44:01"
"546","25","Baby Carrot",NULL,"2020-08-30 22:44:01"
"547","27","16 oz bag",NULL,"2020-08-30 22:44:01"
"548","25","Beans",NULL,"2020-08-30 22:44:02"
"549","27","1.5 lb",NULL,"2020-08-30 22:44:02"
"550","25","Beet",NULL,"2020-08-30 22:44:02"
"551","25","Bell Pepper",NULL,"2020-08-30 22:44:02"
"552","27","2 lb bag",NULL,"2020-08-30 22:44:02"
"553","25","Bitter Melon",NULL,"2020-08-30 22:44:02"
"554","25","Curry Leaves",NULL,"2020-08-30 22:44:02"
"555","25","Bok Choy",NULL,"2020-08-30 22:44:02"
"556","27","1 lb bag",NULL,"2020-08-30 22:44:02"
"557","27","1.48 lb",NULL,"2020-08-30 22:44:02"
"558","25","Brussel Sprouts",NULL,"2020-08-30 22:44:02"
"559","27","1 container",NULL,"2020-08-30 22:44:02"
"560","25","Butterhead Lettuce",NULL,"2020-08-30 22:44:02"
"561","27","1 bag",NULL,"2020-08-30 22:44:02"
"562","25","Celery",NULL,"2020-08-30 22:44:02"
"563","27","1 lb bunch",NULL,"2020-08-30 22:44:02"
"564","27","20 oz bag",NULL,"2020-08-30 22:44:02"
"565","25","Cherry Tomato",NULL,"2020-08-30 22:44:02"
"566","25","Chicory",NULL,"2020-08-30 22:44:02"
"567","25","Corn",NULL,"2020-08-30 22:44:02"
"568","27","14 oz pack",NULL,"2020-08-30 22:44:02"
"569","25","Edamame",NULL,"2020-08-30 22:44:02"
"570","25","Eddos",NULL,"2020-08-30 22:44:02"
"571","25","Endive",NULL,"2020-08-30 22:44:02"
"572","27","6 oz container",NULL,"2020-08-30 22:44:02"
"573","27","1 pint container",NULL,"2020-08-30 22:44:03"
"574","27","16 oz container",NULL,"2020-08-30 22:44:03"
"575","27","11 oz container",NULL,"2020-08-30 22:44:03"
"576","27","12 oz container",NULL,"2020-08-30 22:44:03"
"577","25","Combo",NULL,"2020-08-30 22:44:03"
"578","25","Dates",NULL,"2020-08-30 22:44:03"
"579","25","Honeydew Melon",NULL,"2020-08-30 22:44:03"
"580","27","32 oz bag",NULL,"2020-08-30 22:44:03"
"581","25","Lime",NULL,"2020-08-30 22:44:03"
"582","25","Minneola",NULL,"2020-08-30 22:44:03"
"583","25","Mixed Fruit platters and bowls",NULL,"2020-08-30 22:44:03"
"584","27","4 lb bag",NULL,"2020-08-30 22:44:03"
"585","27","8 lb",NULL,"2020-08-30 22:44:03"
"586","25","Other Special fruits",NULL,"2020-08-30 22:44:03"
"587","27","18 oz",NULL,"2020-08-30 22:44:03"
"588","25","Peach",NULL,"2020-08-30 22:44:03"
"589","27","20 oz container",NULL,"2020-08-30 22:44:03"
"590","27","20 oz",NULL,"2020-08-30 22:44:03"
"591","25","Plantain",NULL,"2020-08-30 22:44:03"
"592","25","Raspberries",NULL,"2020-08-30 22:44:03"
"593","27","32 oz container",NULL,"2020-08-30 22:44:03"
"594","27","1 lb container",NULL,"2020-08-30 22:44:03"
"595","27","2 lb container",NULL,"2020-08-30 22:44:03"
"596","27","0.66 oz",NULL,"2020-08-30 22:44:03"
"597","27","3 oz container",NULL,"2020-08-30 22:44:03"
"598","27","1 oz container",NULL,"2020-08-30 22:44:03"
"599","25","Bay Leaves",NULL,"2020-08-30 22:44:04"
"600","25","Chives",NULL,"2020-08-30 22:44:04"
"601","25","Cilantro",NULL,"2020-08-30 22:44:04"
"602","25","Lemongrass",NULL,"2020-08-30 22:44:04"
"603","25","Oregano",NULL,"2020-08-30 22:44:04"
"604","25","Poultry Bouquet",NULL,"2020-08-30 22:44:04"
"605","25","Rosemary",NULL,"2020-08-30 22:44:04"
"606","25","Sage",NULL,"2020-08-30 22:44:04"
"607","27","1 oz bunch",NULL,"2020-08-30 22:44:04"
"608","25","Tarragon",NULL,"2020-08-30 22:44:04"
"609","25","Thyme",NULL,"2020-08-30 22:44:04"
"610","27","4.4 oz container",NULL,"2020-08-30 22:44:04"
"611","25","Grapefruit",NULL,"2020-08-30 22:44:04"
"612","25","Pea",NULL,"2020-08-30 22:44:04"
"613","27","0.5 pint container",NULL,"2020-08-30 22:44:04"
"614","25","Tangerine",NULL,"2020-08-30 22:44:04"
"615","27","0.35 oz",NULL,"2020-08-30 22:44:04"
"616","27","4 oz container",NULL,"2020-08-30 22:44:04"
"617","27","9 oz bag",NULL,"2020-08-30 22:44:04"
"618","27","10 oz bag",NULL,"2020-08-30 22:44:04"
"619","25","Kale",NULL,"2020-08-30 22:44:04"
"620","27","3.5 oz bag",NULL,"2020-08-30 22:44:04"
"621","27","8 oz container",NULL,"2020-08-30 22:44:04"
"622","25","Roster Potato",NULL,"2020-08-30 22:44:04"
"623","27","5 lb bag",NULL,"2020-08-30 22:44:04"
"624","25","Russet Potato",NULL,"2020-08-30 22:44:04"
"625","25","Shallots",NULL,"2020-08-30 22:44:04"
"626","25","Sweet Potato",NULL,"2020-08-30 22:44:04"
"627","27","7 oz bag",NULL,"2020-08-30 22:44:04"
"628","25","White Mushroom",NULL,"2020-08-30 22:44:04"
"629","25","Endives",NULL,"2020-08-30 22:44:04"
"630","25","Fennel Powder/Seeds/Lucknowi",NULL,"2020-08-30 22:44:04"
"631","25","French Beans",NULL,"2020-08-30 22:44:04"
"632","27","12 oz bag",NULL,"2020-08-30 22:44:05"
"633","25","Gold Potato",NULL,"2020-08-30 22:44:05"
"634","25","Grape Tomato",NULL,"2020-08-30 22:44:05"
"635","25","Green Onion",NULL,"2020-08-30 22:44:05"
"636","27","3 oz bunch",NULL,"2020-08-30 22:44:05"
"637","25","Green Onions",NULL,"2020-08-30 22:44:05"
"638","25","Greens",NULL,"2020-08-30 22:44:05"
"639","25","Hot Pepper",NULL,"2020-08-30 22:44:05"
"640","25","Ivy gourd",NULL,"2020-08-30 22:44:05"
"641","25","Jackfruit",NULL,"2020-08-30 22:44:05"
"642","25","Leeks/Spring onions",NULL,"2020-08-30 22:44:05"
"643","25","Malanga",NULL,"2020-08-30 22:44:05"
"644","27","1 lbs",NULL,"2020-08-30 22:44:05"
"645","27","Approx. 0.80 lb per 12.8 oz",NULL,"2020-08-30 22:44:05"
"646","27","10 oz container",NULL,"2020-08-30 22:44:05"
"647","27","3.5 oz container",NULL,"2020-08-30 22:44:05"
"648","25","Okra",NULL,"2020-08-30 22:44:05"
"649","25","Packaged Potato",NULL,"2020-08-30 22:44:05"
"650","25","Pearl Onion",NULL,"2020-08-30 22:44:05"
"651","25","Peas",NULL,"2020-08-30 22:44:05"
"652","27","0.5 lb",NULL,"2020-08-30 22:44:05"
"653","25","Radicchio",NULL,"2020-08-30 22:44:05"
"654","25","Radish",NULL,"2020-08-30 22:44:06"
"655","25","Red Onion",NULL,"2020-08-30 22:44:06"
"656","25","Red Potato",NULL,"2020-08-30 22:44:06"
"657","25","Root Vege/ Turnip",NULL,"2020-08-30 22:44:06"
"658","25","Shallot",NULL,"2020-08-30 22:44:06"
"659","27","1.22 lb",NULL,"2020-08-30 22:44:06"
"660","27","3 oz bag",NULL,"2020-08-30 22:44:06"
"661","25","Soy Beans",NULL,"2020-08-30 22:44:06"
"662","25","Speciality Produce",NULL,"2020-08-30 22:44:06"
"663","27","19 oz",NULL,"2020-08-30 22:44:06"
"664","25","Spring Mix",NULL,"2020-08-30 22:44:06"
"665","25","Sweet Onion",NULL,"2020-08-30 22:44:06"
"666","27","10 lb bag",NULL,"2020-08-30 22:44:06"
"667","27","1.5 lb bag",NULL,"2020-08-30 22:44:06"
"668","25","Tumeric",NULL,"2020-08-30 22:44:06"
"669","25","White Onion",NULL,"2020-08-30 22:44:06"
"670","25","White Potato",NULL,"2020-08-30 22:44:06"
"671","25","Yellow Onion",NULL,"2020-08-30 22:44:06"
"672","25","Yellow Potato",NULL,"2020-08-30 22:44:06"
"673","25","Yuca",NULL,"2020-08-30 22:44:06"
"674","27","Approx: 1.00 lb at $3.19/lb",NULL,"2020-08-30 22:45:30"
"675","27","Approx: 2.69 lb at $5.79/lb",NULL,"2020-08-30 22:45:30"
"676","27","Approx: 1.37 lb at $9.79/lb",NULL,"2020-08-30 22:45:30"
"677","27","Approx: 1.16 lb at $5.29/lb",NULL,"2020-08-30 22:45:30"
"678","27","Approx: 1.27 lb at $4.89/lb",NULL,"2020-08-30 22:45:30"
"679","27","Approx: 3.12 lb at $4.89/lb",NULL,"2020-08-30 22:45:30"
"680","27","Approx: 1.46 lb at $6.49/lb",NULL,"2020-08-30 22:45:30"
"681","27","Approx: 1.50 lb at $6.49/lb",NULL,"2020-08-30 22:45:30"
"682","27","Approx: 2.31 lb at $5.59/lb",NULL,"2020-08-30 22:45:30"
"683","27","Approx: 1.44 lb at $4.39/lb",NULL,"2020-08-30 22:45:30"
"684","27","Approx: 1.17 lb at $6.09/lb",NULL,"2020-08-30 22:45:30"
"685","27","Approx: 1.00 lb at $6.09/lb",NULL,"2020-08-30 22:45:30"
"686","27","Approx: 1.30 lb at $1.99/lb",NULL,"2020-08-30 22:45:30"
"687","27","Approx: 1.50 lb at $9.79/lb",NULL,"2020-08-30 22:45:30"
"688","27","Approx: 1.28 lb at $10.9/lb",NULL,"2020-08-30 22:45:30"
"689","27","Approx: 1.21 lb at $12.1/lb",NULL,"2020-08-30 22:45:30"
"690","27","Approx: 1.17 lb at $10.9/lb",NULL,"2020-08-30 22:45:30"
"691","27","Approx: 1.15 lb at $9.79/lb",NULL,"2020-08-30 22:45:30"
"692","27","Approx: 0.97 lb at $13.4/lb",NULL,"2020-08-30 22:45:30"
"693","27","Approx: 1.00 lb at $4.29/lb",NULL,"2020-08-30 22:45:30"
"694","27","Approx: 1.16 lb at $6.09/lb",NULL,"2020-08-30 22:45:30"
"695","27","Approx: 1.11 lb at $12.1/lb",NULL,"2020-08-30 22:45:30"
"696","27","Approx: 1.33 lb at $7.39/lb",NULL,"2020-08-30 22:45:30"
"697","27","Approx: 1.00 lb at $4.89/lb",NULL,"2020-08-30 22:45:30"
"698","27","Approx: 2.82 lb at $6.09/lb",NULL,"2020-08-30 22:45:30"
"699","27","Approx: 1.10 lb at $17.1/lb",NULL,"2020-08-30 22:45:30"
"700","27","Approx: 2.84 lb at $6.09/lb",NULL,"2020-08-30 22:45:30"
"701","27","Approx: 1.00 lb at $23.1/lb",NULL,"2020-08-30 22:45:30"
"702","27","Approx: 1.41 lb at $5.89/lb",NULL,"2020-08-30 22:45:30"
"703","27","Approx: 1.06 lb at $8.49/lb",NULL,"2020-08-30 22:45:30"
"704","27","Approx: 1.21 lb at $8.59/lb",NULL,"2020-08-30 22:45:30"
"705","27","Approx: 1.00 lb at $6.49/lb",NULL,"2020-08-30 22:45:30"
"706","27","Approx: 1.00 lb at $6.69/lb",NULL,"2020-08-30 22:45:30"
"707","25","Catfish",NULL,"2020-08-30 22:45:30"
"708","27","Approx: 0.74 lb at $8.59/lb",NULL,"2020-08-30 22:45:30"
"709","25","Chicken",NULL,"2020-08-30 22:45:31"
"710","27","Approx: 1.20 lb at $5.49/lb",NULL,"2020-08-30 22:45:31"
"711","27","Approx: 2.30 lb at $5.39/lb",NULL,"2020-08-30 22:45:31"
"712","27","Approx: 5.04 lb at $11.5/lb",NULL,"2020-08-30 22:45:31"
"713","25","Chicken Breast",NULL,"2020-08-30 22:45:31"
"714","27","2.5 pound",NULL,"2020-08-30 22:45:31"
"715","27","Approx: 2.36 lb at $3.09/lb",NULL,"2020-08-30 22:45:31"
"716","27","Approx: 2.09 lb at $1.99/lb",NULL,"2020-08-30 22:45:31"
"717","27","Approx: 1.41 lb at $6.69/lb",NULL,"2020-08-30 22:45:31"
"718","25","Chicken Tenderloins",NULL,"2020-08-30 22:45:31"
"719","25","Chicken Thighs",NULL,"2020-08-30 22:45:31"
"720","27","Approx: 2.00 lb at $1.69/lb",NULL,"2020-08-30 22:45:31"
"721","25","Chicken Wings",NULL,"2020-08-30 22:45:31"
"722","25","Clams",NULL,"2020-08-30 22:45:31"
"723","27","Approx: 1.60 lb at $7.39/lb",NULL,"2020-08-30 22:45:31"
"724","27","Approx: 0.95 lb at $6.09/lb",NULL,"2020-08-30 22:45:31"
"725","25","Codfish",NULL,"2020-08-30 22:45:31"
"726","27","Approx: 1.01 lb at $10.9/lb",NULL,"2020-08-30 22:45:31"
"727","27","Approx: 1.10 lb at $14.6/lb",NULL,"2020-08-30 22:45:31"
"728","27","Approx: 1.05 lb at $10.9/lb",NULL,"2020-08-30 22:45:31"
"729","25","Crab Meat",NULL,"2020-08-30 22:45:31"
"730","25","Haddock",NULL,"2020-08-30 22:45:31"
"731","27","Approx: 1.09 lb at $13.4/lb",NULL,"2020-08-30 22:45:31"
"732","25","Hen",NULL,"2020-08-30 22:45:31"
"733","25","Herring",NULL,"2020-08-30 22:45:31"
"734","25","Italian Sausage",NULL,"2020-08-30 22:45:31"
"735","27","Approx: 1.02 lb at $3.69/lb",NULL,"2020-08-30 22:45:31"
"736","25","Lamb",NULL,"2020-08-30 22:45:31"
"737","27","Approx: 1.01 lb at $14.6/lb",NULL,"2020-08-30 22:45:31"
"738","27","Approx: 1.05 lb at $8.59/lb",NULL,"2020-08-30 22:45:31"
"739","27","0.97 lb",NULL,"2020-08-30 22:45:31"
"740","27","37.4 oz",NULL,"2020-08-30 22:45:31"
"741","27","Approx: 1.23 lb at $5.49/lb",NULL,"2020-08-30 22:45:31"
"742","25","Bison",NULL,"2020-08-30 22:45:31"
"743","25","Calamari",NULL,"2020-08-30 22:45:31"
"744","27","17.6 oz",NULL,"2020-08-30 22:45:31"
"745","27","0.56 lb",NULL,"2020-08-30 22:45:31"
"746","27","0.75 lb",NULL,"2020-08-30 22:45:31"
"747","27","Approx: 4.00 lb at $1.39/lb",NULL,"2020-08-30 22:45:31"
"748","27","Approx: 2.25 lb at $1.49/lb",NULL,"2020-08-30 22:45:31"
"749","27","Approx: 1.00 lb at $2.49/lb",NULL,"2020-08-30 22:45:31"
"750","27","36 oz",NULL,"2020-08-30 22:45:31"
"751","27","Approx: 5.00 lb at $1.59/lb",NULL,"2020-08-30 22:45:31"
"752","27","Approx: 5.00 lb at $1.69/lb",NULL,"2020-08-30 22:45:31"
"753","27","1.16 lb",NULL,"2020-08-30 22:45:31"
"754","27","Approx: 2 lb",NULL,"2020-08-30 22:45:31"
"755","27","1.2 lb",NULL,"2020-08-30 22:45:31"
"756","27","Approx: 2.10 lb at $2.79/lb",NULL,"2020-08-30 22:45:32"
"757","27","24 each",NULL,"2020-08-30 22:45:32"
"758","27","Approx: 1.50 lb",NULL,"2020-08-30 22:45:32"
"759","25","Chicken Leg",NULL,"2020-08-30 22:45:32"
"760","27","Approx: 3.02 lb at $1.29/lb",NULL,"2020-08-30 22:45:32"
"761","27","1.29 oz",NULL,"2020-08-30 22:45:32"
"762","27","Approx: 2.50 lb at $1.69/lb",NULL,"2020-08-30 22:45:32"
"763","27","Approx: 2.60 lb at $3.19/lb",NULL,"2020-08-30 22:45:32"
"764","27","Approx: 2.90 lb at $4.49/lb",NULL,"2020-08-30 22:45:32"
"765","25","Crab",NULL,"2020-08-30 22:45:32"
"766","27","4 x 12 oz",NULL,"2020-08-30 22:45:32"
"767","27","1.23 oz",NULL,"2020-08-30 22:45:32"
"768","25","Lobsters",NULL,"2020-08-30 22:45:32"
"769","25","Meat",NULL,"2020-08-30 22:45:32"
"770","27","2 x 0.25 lb",NULL,"2020-08-30 22:45:32"
"771","25","Octopus",NULL,"2020-08-30 22:45:32"
"772","25","Pepperoni",NULL,"2020-08-30 22:45:32"
"773","25","Pollock",NULL,"2020-08-30 22:45:32"
"774","27","18.4 oz",NULL,"2020-08-30 22:45:32"
"775","27","1.7 lb",NULL,"2020-08-30 22:45:32"
"776","25","Salmon",NULL,"2020-08-30 22:45:32"
"777","25","Sausage",NULL,"2020-08-30 22:45:32"
"778","25","Seaweed",NULL,"2020-08-30 22:45:32"
"779","27","0.45 oz",NULL,"2020-08-30 22:45:32"
"780","25","Shrimp",NULL,"2020-08-30 22:45:32"
"781","25","Tenderloin",NULL,"2020-08-30 22:45:32"
"782","25","Turkey",NULL,"2020-08-30 22:45:32"
"783","27","9 lb",NULL,"2020-08-30 22:45:32"
"784","27","1.29 lb",NULL,"2020-08-30 22:45:32"
"785","27","Approx: 1.30 lb at $4.89/lb",NULL,"2020-08-30 22:45:32"
"786","27","20.8 oz",NULL,"2020-08-30 22:45:32"
"787","27","1.3 lb",NULL,"2020-08-30 22:45:32"
"788","25","Turkey Breast",NULL,"2020-08-30 22:45:32"
"789","27","2.75 lb",NULL,"2020-08-30 22:45:32"
"790","25","Whitefish",NULL,"2020-08-30 22:45:32"
"791","25","Lobster",NULL,"2020-08-30 22:45:32"
"792","27","Approx: 1.12 lb at $12.1/lb",NULL,"2020-08-30 22:45:32"
"793","25","Mackerel",NULL,"2020-08-30 22:45:32"
"794","25","Meatball & Meatloaf",NULL,"2020-08-30 22:45:32"
"795","27","Approx: 1.03 lb at $5.49/lb",NULL,"2020-08-30 22:45:32"
"796","25","Other Meat",NULL,"2020-08-30 22:45:32"
"797","27","Approx: 1.10 lb at $3.69/lb",NULL,"2020-08-30 22:45:32"
"798","27","Approx: 1.01 lb at $10.1/lb",NULL,"2020-08-30 22:45:32"
"799","27","Approx: 1.00 lb at $7.99/lb",NULL,"2020-08-30 22:45:32"
"800","25","Other Seafood",NULL,"2020-08-30 22:45:32"
"801","27","Approx: 1.34 lb at $2.49/lb",NULL,"2020-08-30 22:45:32"
"802","27","Approx: 1.00 lb at $1.29/lb",NULL,"2020-08-30 22:45:32"
"803","27","Approx: 1.00 lb at $9.79/lb",NULL,"2020-08-30 22:45:32"
"804","25","Perch",NULL,"2020-08-30 22:45:32"
"805","27","Approx: 0.98 lb at $7.39/lb",NULL,"2020-08-30 22:45:32"
"806","27","Approx: 1.00 lb at $3.69/lb",NULL,"2020-08-30 22:45:33"
"807","27","Approx: 1.00 lb at $7.39/lb",NULL,"2020-08-30 22:45:33"
"808","27","Approx: 1.15 lb at $8.59/lb",NULL,"2020-08-30 22:45:33"
"809","27","Approx: 1.76 lb at $4.09/lb",NULL,"2020-08-30 22:45:33"
"810","27","Approx: 2.25 lb at $4.09/lb",NULL,"2020-08-30 22:45:33"
"811","27","Approx: 2.39 lb at $2.79/lb",NULL,"2020-08-30 22:45:33"
"812","27","Approx: 1.50 lb at $2.79/lb",NULL,"2020-08-30 22:45:33"
"813","27","Approx: 1.65 lb at $3.49/lb",NULL,"2020-08-30 22:45:33"
"814","27","Approx: 1.38 lb at $3.89/lb",NULL,"2020-08-30 22:45:33"
"815","27","Approx: 2.99 lb at $3.69/lb",NULL,"2020-08-30 22:45:33"
"816","27","Approx: 1.56 lb at $4.89/lb",NULL,"2020-08-30 22:45:33"
"817","27","Approx: 0.90 lb at $1.49/lb",NULL,"2020-08-30 22:45:33"
"818","27","Approx: 2.80 lb at $2.19/lb",NULL,"2020-08-30 22:45:33"
"819","27","Approx: 2.00 lb at $2.79/lb",NULL,"2020-08-30 22:45:33"
"820","27","Approx: 2.15 lb at $3.09/lb",NULL,"2020-08-30 22:45:33"
"821","27","Approx: 2.41 lb at $5.29/lb",NULL,"2020-08-30 22:45:33"
"822","27","Approx: 1.77 lb at $2.69/lb",NULL,"2020-08-30 22:45:33"
"823","27","Approx: 7.83 lb at $1.89/lb",NULL,"2020-08-30 22:45:33"
"824","27","Approx: 2.11 lb at $2.39/lb",NULL,"2020-08-30 22:45:33"
"825","25","Poultry Counter",NULL,"2020-08-30 22:45:33"
"826","25","Roast Beef",NULL,"2020-08-30 22:45:33"
"827","27","Approx: 1.02 lb at $12.1/lb",NULL,"2020-08-30 22:45:33"
"828","27","Approx: 1.01 lb at $11.9/lb",NULL,"2020-08-30 22:45:33"
"829","27","Approx: 1.05 lb at $3.69/lb",NULL,"2020-08-30 22:45:33"
"830","25","Scallops",NULL,"2020-08-30 22:45:33"
"831","27","Approx: 1.00 lb at $24.3/lb",NULL,"2020-08-30 22:45:33"
"832","25","Scip",NULL,"2020-08-30 22:45:33"
"833","27","Approx: 2.01 lb at $12.1/lb",NULL,"2020-08-30 22:45:33"
"834","27","Approx: 2.02 lb at $10.9/lb",NULL,"2020-08-30 22:45:33"
"835","25","Sole",NULL,"2020-08-30 22:45:33"
"836","27","Approx: 1.02 lb at $13.4/lb",NULL,"2020-08-30 22:45:33"
"837","25","Squid",NULL,"2020-08-30 22:45:33"
"838","27","Approx: 1.00 lb at $8.59/lb",NULL,"2020-08-30 22:45:33"
"839","25","Steak",NULL,"2020-08-30 22:45:33"
"840","27","Approx: 1.02 lb at $6.09/lb",NULL,"2020-08-30 22:45:33"
"841","27","Approx: 1.40 lb at $6.09/lb",NULL,"2020-08-30 22:45:33"
"842","27","Approx: 0.83 lb at $8.09/lb",NULL,"2020-08-30 22:45:33"
"843","25","Swordfish",NULL,"2020-08-30 22:45:33"
"844","27","Approx: 1.00 lb at $18.2/lb",NULL,"2020-08-30 22:45:33"
"845","25","Tilapia",NULL,"2020-08-30 22:45:33"
"846","27","Approx: 1.13 lb at $7.39/lb",NULL,"2020-08-30 22:45:33"
"847","25","Tuna",NULL,"2020-08-30 22:45:33"
"848","27","Approx: 1.30 lb at $1.69/lb",NULL,"2020-08-30 22:45:33"
"849","25","Turkey Thighs",NULL,"2020-08-30 22:45:33"
"850","25","Whiting",NULL,"2020-08-30 22:45:33"
"851","27","Approx: 1.13 lb at $4.39/lb",NULL,"2020-08-30 22:45:33"
"852","27","2.52 oz",NULL,"2020-08-30 22:45:33"
"853","27","340 g",NULL,"2020-08-30 22:45:33"
"854","27","10 x 6 oz",NULL,"2020-08-30 22:45:33"
"855","27","2.1 oz",NULL,"2020-08-30 22:45:33"
"856","25","Hot Dogs",NULL,"2020-08-30 22:45:34"
"857","27","13 oz",NULL,"2020-08-30 22:45:34"
"858","27","48 oz",NULL,"2020-08-30 22:45:34"
"859","27","6 x 12 oz",NULL,"2020-08-30 22:45:34"
"860","27","8 x 14 oz",NULL,"2020-08-30 22:45:34"
"861","27","10 x 16 oz",NULL,"2020-08-30 22:45:34"
"862","27","5 x 19 oz",NULL,"2020-08-30 22:45:34"
"863","27","1.23 lb",NULL,"2020-08-30 22:45:34"
"864","25","Chicken & Turkey",NULL,"2020-08-30 22:45:34"
"865","27","Approx: 1.70 lb at $3.69/lb",NULL,"2020-08-30 22:45:34"
"866","27","Approx: 0.65 lb at $4.89/lb",NULL,"2020-08-30 22:45:35"
"867","27","Approx: 3.00 lb at $3.69/lb",NULL,"2020-08-30 22:45:35"
"868","27","Approx: 10.0 lb at $3.19/lb",NULL,"2020-08-30 22:45:35"
"869","27","Approx: 2.28 lb at $4.09/lb",NULL,"2020-08-30 22:45:35"
"870","27","Approx: 1.59 lb at $4.29/lb",NULL,"2020-08-30 22:45:35"
"871","27","0.22 oz",NULL,"2020-08-30 22:45:35"
"872","27","Approx: 0.50 lb at $10.9/lb",NULL,"2020-08-30 22:45:35"
"873","27","Approx: 0.50 lb at $8.09/lb",NULL,"2020-08-30 22:45:35"
"874","27","Approx: 0.49 lb at $6.09/lb",NULL,"2020-08-30 22:45:35"
"875","25","Salami",NULL,"2020-08-30 22:45:35"
"876","27","1.07 lb",NULL,"2020-08-30 22:45:35"
"877","27","2 each",NULL,"2020-08-30 22:45:35"
"878","27","0.59 lb",NULL,"2020-08-30 22:45:35"
"879","27","227 g",NULL,"2020-08-30 22:45:35"
"880","27","1.03 lb",NULL,"2020-08-30 22:45:35"
"881","25","Turkey & Ham",NULL,"2020-08-30 22:45:36"
"882","25","Canned Beef",NULL,"2020-08-30 22:45:36"
"883","25","Canned Chicken",NULL,"2020-08-30 22:45:36"
"884","25","Canned Ham",NULL,"2020-08-30 22:45:36"
"885","25","Canned Turkey",NULL,"2020-08-30 22:45:36"
"886","25","Canned Sausage",NULL,"2020-08-30 22:45:36"
"887","27","4.5 oz",NULL,"2020-08-30 22:45:36"
"888","27","6.7 oz",NULL,"2020-08-30 22:45:36"
"889","25","Canned Clams",NULL,"2020-08-30 22:45:36"
"890","25","Canned Tuna",NULL,"2020-08-30 22:45:36"
"891","25","Canned Crabmeat",NULL,"2020-08-30 22:45:36"
"892","25","Canned Oysters",NULL,"2020-08-30 22:45:36"
"893","25","Canned Anchovies",NULL,"2020-08-30 22:45:36"
"894","27","2 x 2.8 oz",NULL,"2020-08-30 22:45:36"
"895","25","Canned Salmon",NULL,"2020-08-30 22:45:36"
"896","27","120 g",NULL,"2020-08-30 22:45:36"
"897","25","Canned Squid",NULL,"2020-08-30 22:45:36"
"898","27","4.38 oz",NULL,"2020-08-30 22:45:36"
"899","27","7.75 oz",NULL,"2020-08-30 22:45:36"
"900","27","14.75 oz",NULL,"2020-08-30 22:45:36"
"901","25","Chicken Products",NULL,"2020-08-30 22:45:36"
"902","25","Beef & Bacon Products",NULL,"2020-08-30 22:45:36"
"903","27","16.2 oz",NULL,"2020-08-30 22:45:36"
"904","27","21 oz",NULL,"2020-08-30 22:45:37"
"905","25","Other Frozen Meat",NULL,"2020-08-30 22:45:37"
"906","25","Turkey Products",NULL,"2020-08-30 22:45:37"
"907","27","Approx: 5.00 lb at $7.39/lb",NULL,"2020-08-30 22:45:37"
"908","27","4.9 oz",NULL,"2020-08-30 22:45:37"
"909","27","2.25 lb",NULL,"2020-08-30 22:45:37"
"910","25","Beef Products",NULL,"2020-08-30 22:45:37"
"911","27","Approx: 1.09 lb at $5.79/lb",NULL,"2020-08-30 22:45:37"
"912","25","Frozen Meat",NULL,"2020-08-30 22:45:37"
"913","27","Approx: 16.4 lb at $3.69/lb",NULL,"2020-08-30 22:45:37"
"914","27","Approx: 10.7 lb at $2.39/lb",NULL,"2020-08-30 22:45:37"
"915","25","Veggie Alternatives",NULL,"2020-08-30 22:45:37"
"916","27","35 oz",NULL,"2020-08-30 22:45:37"
"917","27","1.63 lb",NULL,"2020-08-30 22:45:37"
"918","27","1.81 lb",NULL,"2020-08-30 22:45:37"
"919","27","1.8 lb",NULL,"2020-08-30 22:45:37"
"920","27","26 lb",NULL,"2020-08-30 22:45:37"
"921","27","29 oz",NULL,"2020-08-30 22:45:37"
"922","27","Approx: 3.50 lb at $2.49/lb",NULL,"2020-08-30 22:45:37"
"923","27","26 oz",NULL,"2020-08-30 22:45:37"
"924","27","42 oz",NULL,"2020-08-30 22:45:37"
"925","27","24.5 oz",NULL,"2020-08-30 22:45:37"
"926","25","Frozen Salmon",NULL,"2020-08-30 22:45:37"
"927","27","Approx: 4.20 lb at $9.79/lb",NULL,"2020-08-30 22:45:37"
"928","25","Other Frozen Seafood",NULL,"2020-08-30 22:45:37"
"929","27","18.2 oz",NULL,"2020-08-30 22:45:37"
"930","27","4 x 14.6 oz",NULL,"2020-08-30 22:45:37"
"931","27","7.1 oz",NULL,"2020-08-30 22:45:37"
"932","27","6 x 11.4 oz",NULL,"2020-08-30 22:45:37"
"933","27","4 x 7.6 oz",NULL,"2020-08-30 22:45:37"
"934","27","6.3 oz",NULL,"2020-08-30 22:45:37"
"935","27","6 x 11 oz",NULL,"2020-08-30 22:45:37"
"936","27","2 x 6.3 oz",NULL,"2020-08-30 22:45:37"
"937","27","2 x 9 oz",NULL,"2020-08-30 22:45:37"
"938","25","Frozen Haddock",NULL,"2020-08-30 22:45:37"
"939","25","Frozen Fish (All)",NULL,"2020-08-30 22:45:37"
"940","27","Approx: 4.92 lb at $4.89/lb",NULL,"2020-08-30 22:45:38"
"941","27","9 x 20 oz",NULL,"2020-08-30 22:45:38"
"942","27","16 lb",NULL,"2020-08-30 22:45:38"
"943","25","Cookies & Cakes",NULL,"2020-08-30 22:46:54"
"944","27","9.75 oz",NULL,"2020-08-30 22:46:54"
"945","27","6 x 1 oz",NULL,"2020-08-30 22:46:54"
"946","27","8 x 0.75 oz",NULL,"2020-08-30 22:46:54"
"947","25","Crackers",NULL,"2020-08-30 22:46:54"
"948","27","9.75 ",NULL,"2020-08-30 22:46:54"
"949","27","8.1 oz",NULL,"2020-08-30 22:46:54"
"950","27","10 x 1 oz",NULL,"2020-08-30 22:46:54"
"951","27","8.25 oz",NULL,"2020-08-30 22:46:55"
"952","27","6.75 oz",NULL,"2020-08-30 22:46:55"
"953","27","5.25 oz",NULL,"2020-08-30 22:46:55"
"954","27","7.75 ",NULL,"2020-08-30 22:46:55"
"955","27","10 x 0.62 oz",NULL,"2020-08-30 22:46:55"
"956","27","7.3 oz",NULL,"2020-08-30 22:46:55"
"957","27","20 x 1 oz",NULL,"2020-08-30 22:46:55"
"958","27","23 oz",NULL,"2020-08-30 22:46:55"
"959","27","8.75 oz",NULL,"2020-08-30 22:46:56"
"960","27","5.75 oz",NULL,"2020-08-30 22:46:56"
"961","27","12.4 oz",NULL,"2020-08-30 22:46:56"
"962","27","515 g",NULL,"2020-08-30 22:46:56"
"963","27","11.75 oz",NULL,"2020-08-30 22:46:56"
"964","27","14.1 oz",NULL,"2020-08-30 22:46:56"
"965","27","10.2 oz",NULL,"2020-08-30 22:46:56"
"966","27","10.6 oz",NULL,"2020-08-30 22:46:56"
"967","27","8.8 oz",NULL,"2020-08-30 22:46:56"
"968","27","8.6 oz",NULL,"2020-08-30 22:46:56"
"969","27","12.3 oz",NULL,"2020-08-30 22:46:56"
"970","27","13.6 oz",NULL,"2020-08-30 22:46:56"
"971","27","11.5 oz",NULL,"2020-08-30 22:46:56"
"972","27","12 x 0.78 oz",NULL,"2020-08-30 22:46:56"
"973","27","11.3 oz",NULL,"2020-08-30 22:46:56"
"974","27","11.2 oz",NULL,"2020-08-30 22:46:56"
"975","27","5.29 oz",NULL,"2020-08-30 22:46:56"
"976","27","15.35 oz",NULL,"2020-08-30 22:46:56"
"977","27","9.4 oz",NULL,"2020-08-30 22:46:56"
"978","27","14.4 oz",NULL,"2020-08-30 22:46:56"
"979","27","9.2 oz",NULL,"2020-08-30 22:46:56"
"980","27","11.8 oz",NULL,"2020-08-30 22:46:56"
"981","27","15.75 oz",NULL,"2020-08-30 22:46:56"
"982","27","6.88 oz",NULL,"2020-08-30 22:46:56"
"983","27","5.52 oz",NULL,"2020-08-30 22:46:57"
"984","27","541 g",NULL,"2020-08-30 22:46:57"
"985","27","566 g",NULL,"2020-08-30 22:46:57"
"986","27","15.25 oz",NULL,"2020-08-30 22:46:57"
"987","27","13.1 oz",NULL,"2020-08-30 22:46:57"
"988","27","7.25 oz",NULL,"2020-08-30 22:46:57"
"989","27","13.25 oz",NULL,"2020-08-30 22:46:57"
"990","27","4.76 oz",NULL,"2020-08-30 22:46:57"
"991","27","4.4 oz",NULL,"2020-08-30 22:46:57"
"992","27","11.6 oz",NULL,"2020-08-30 22:46:57"
"993","27","1.06 lb",NULL,"2020-08-30 22:46:58"
"994","27","12 x 1 oz",NULL,"2020-08-30 22:46:58"
"995","27","6 x 4.4 oz",NULL,"2020-08-30 22:46:58"
"996","27","9.1 oz",NULL,"2020-08-30 22:46:58"
"997","25","Popcorn",NULL,"2020-08-30 22:46:58"
"998","27","12.9 oz",NULL,"2020-08-30 22:46:58"
"999","27","12 x 0.67 oz",NULL,"2020-08-30 22:46:58"
"1000","27","13.3 oz",NULL,"2020-08-30 22:46:59"
"1001","27","482 g",NULL,"2020-08-30 22:46:59"
"1002","27","10.25 oz",NULL,"2020-08-30 22:46:59"
"1003","27","510 g",NULL,"2020-08-30 22:46:59"
"1004","25","Energy & Granola Bars",NULL,"2020-08-30 22:46:59"
"1005","27","6 x 2 oz",NULL,"2020-08-30 22:46:59"
"1006","27","6 x 1.41 oz",NULL,"2020-08-30 22:46:59"
"1007","27","37.2 oz",NULL,"2020-08-30 22:46:59"
"1008","27","6.9 oz",NULL,"2020-08-30 22:46:59"
"1009","27","5.9 oz",NULL,"2020-08-30 22:46:59"
"1010","27","4.15 oz",NULL,"2020-08-30 22:47:00"
"1011","27","12 packs",NULL,"2020-08-30 22:47:00"
"1012","27","2.13 oz",NULL,"2020-08-30 22:47:00"
"1013","27","2.2 oz",NULL,"2020-08-30 22:47:00"
"1014","25","Candy & Chocolate",NULL,"2020-08-30 22:47:00"
"1015","27","2.93 oz",NULL,"2020-08-30 22:47:00"
"1016","27","4.67 oz",NULL,"2020-08-30 22:47:00"
"1017","27","8.87 oz",NULL,"2020-08-30 22:47:00"
"1018","27","7.9 oz",NULL,"2020-08-30 22:47:00"
"1019","27","16 ct",NULL,"2020-08-30 22:47:00"
"1020","27","10 x 13.73 oz",NULL,"2020-08-30 22:47:00"
"1021","27","5.63 oz",NULL,"2020-08-30 22:47:00"
"1022","27","5.3 oz",NULL,"2020-08-30 22:47:00"
"1023","27","3.17 fl oz",NULL,"2020-08-30 22:47:00"
"1024","27","5.32 oz",NULL,"2020-08-30 22:47:00"
"1025","27","40 Oz",NULL,"2020-08-30 22:47:00"
"1026","27","6 x 1.55 oz",NULL,"2020-08-30 22:47:00"
"1027","27","38.5 oz",NULL,"2020-08-30 22:47:00"
"1028","27","10.8 oz",NULL,"2020-08-30 22:47:00"
"1029","27","10.56 oz",NULL,"2020-08-30 22:47:00"
"1030","27","8 x 0.6 oz",NULL,"2020-08-30 22:47:00"
"1031","27","10.78 oz",NULL,"2020-08-30 22:47:00"
"1032","27","3.92 oz",NULL,"2020-08-30 22:47:00"
"1033","27","2.75 oz",NULL,"2020-08-30 22:47:00"
"1034","27","15.2 oz",NULL,"2020-08-30 22:47:00"
"1035","27","5.1 oz",NULL,"2020-08-30 22:47:01"
"1036","27","9.3 oz",NULL,"2020-08-30 22:47:01"
"1037","27","3.14 oz",NULL,"2020-08-30 22:47:01"
"1038","27","11.4 oz",NULL,"2020-08-30 22:47:01"
"1039","27","6 x 0.53 oz",NULL,"2020-08-30 22:47:01"
"1040","27","1.5 qt",NULL,"2020-08-30 22:47:01"
"1041","27","11.24 oz",NULL,"2020-08-30 22:47:01"
"1042","27","3.36 oz",NULL,"2020-08-30 22:47:01"
"1043","27","7.05 oz",NULL,"2020-08-30 22:47:01"
"1044","27","9.8 oz",NULL,"2020-08-30 22:47:01"
"1045","27","41 oz",NULL,"2020-08-30 22:47:01"
"1046","27","11.18 oz",NULL,"2020-08-30 22:47:01"
"1047","27","1.86 oz",NULL,"2020-08-30 22:47:01"
"1048","27","30.4 oz",NULL,"2020-08-30 22:47:01"
"1049","27","2.07 oz",NULL,"2020-08-30 22:47:02"
"1050","27","6 each",NULL,"2020-08-30 22:47:02"
"1051","27","10.125 oz",NULL,"2020-08-30 22:47:02"
"1052","27","0.95 oz",NULL,"2020-08-30 22:47:02"
"1053","27","3.28 oz",NULL,"2020-08-30 22:47:02"
"1054","25","Fruit & Vegetable Snacks",NULL,"2020-08-30 22:47:02"
"1055","27","10 x 0.8 oz",NULL,"2020-08-30 22:47:02"
"1056","27","6 x 0.9 oz",NULL,"2020-08-30 22:47:02"
"1057","27","6 x 0.75 oz",NULL,"2020-08-30 22:47:02"
"1058","27","10 x 0.5 oz",NULL,"2020-08-30 22:47:02"
"1059","27","4 x 3.17 oz",NULL,"2020-08-30 22:47:02"
"1060","27","3.3 oz",NULL,"2020-08-30 22:47:02"
"1061","27","4 x 3.2 oz",NULL,"2020-08-30 22:47:02"
"1062","27","2.8 oz",NULL,"2020-08-30 22:47:02"
"1063","27","10 x 0.9 oz",NULL,"2020-08-30 22:47:02"
"1064","25","Mint & Gum",NULL,"2020-08-30 22:47:02"
"1065","27","2.43 oz",NULL,"2020-08-30 22:47:02"
"1066","27","3 x ct",NULL,"2020-08-30 22:47:02"
"1067","27","60 ct",NULL,"2020-08-30 22:47:02"
"1068","27","3 x 54 ct",NULL,"2020-08-30 22:47:02"
"1069","27","3 x 15 ct",NULL,"2020-08-30 22:47:02"
"1070","27","3 ct",NULL,"2020-08-30 22:47:02"
"1071","27","50 ct",NULL,"2020-08-30 22:47:02"
"1072","27","15 ct",NULL,"2020-08-30 22:47:02"
"1073","27","42 ct",NULL,"2020-08-30 22:47:02"
"1074","27","3 x 42 ct",NULL,"2020-08-30 22:47:02"
"1075","27","14 ct",NULL,"2020-08-30 22:47:02"
"1076","27","55 ct",NULL,"2020-08-30 22:47:02"
"1077","27","5.28 oz",NULL,"2020-08-30 22:47:02"
"1078","27","54 ct",NULL,"2020-08-30 22:47:02"
"1079","27","3 x 18 ct",NULL,"2020-08-30 22:47:02"
"1080","27","2.35 oz",NULL,"2020-08-30 22:47:03"
"1081","25","Trail Mix & Snack Mix",NULL,"2020-08-30 22:47:03"
"1082","27","18 x 1 oz",NULL,"2020-08-30 22:47:03"
"1083","27","5 x 0.98 oz",NULL,"2020-08-30 22:47:03"
"1084","27","0.89 oz",NULL,"2020-08-30 22:47:03"
"1085","27","6 x 0.98 oz",NULL,"2020-08-30 22:47:03"
"1086","27","5 x 2.1 oz",NULL,"2020-08-30 22:47:03"
"1087","27","5 ct",NULL,"2020-08-30 22:47:03"
"1088","27","2.4 oz",NULL,"2020-08-30 22:47:03"
"1089","27","5 x 1.48 oz",NULL,"2020-08-30 22:47:03"
"1090","27","6 x 2.4 oz",NULL,"2020-08-30 22:47:03"
"1091","27","5 x 1.1oz",NULL,"2020-08-30 22:47:03"
"1092","27","5 x 1.17 oz",NULL,"2020-08-30 22:47:03"
"1093","27","6 x 1.1 oz",NULL,"2020-08-30 22:47:03"
"1094","27","6 x 1.59 oz",NULL,"2020-08-30 22:47:03"
"1095","27","6 x 7.38 oz",NULL,"2020-08-30 22:47:03"
"1096","27","8 ct",NULL,"2020-08-30 22:47:03"
"1097","27","1.4 oz",NULL,"2020-08-30 22:47:03"
"1098","27","12 ct",NULL,"2020-08-30 22:47:03"
"1099","27","5 x 1.2 oz",NULL,"2020-08-30 22:47:03"
"1100","27","1.8 oz",NULL,"2020-08-30 22:47:03"
"1101","27","1.41 oz",NULL,"2020-08-30 22:47:03"
"1102","27","10 ct",NULL,"2020-08-30 22:47:03"
"1103","27","6.56 oz",NULL,"2020-08-30 22:47:03"
"1104","27","8.9 oz",NULL,"2020-08-30 22:47:03"
"1105","27","30 x 1.2 oz",NULL,"2020-08-30 22:47:04"
"1106","27","5 x 1.42 oz",NULL,"2020-08-30 22:47:04"
"1107","27","6 x 1.2 oz",NULL,"2020-08-30 22:47:04"
"1108","27","6 x 1.49 oz",NULL,"2020-08-30 22:47:04"
"1109","27","6 x 1.24 oz",NULL,"2020-08-30 22:47:04"
"1110","27","5 x 6.2 oz",NULL,"2020-08-30 22:47:04"
"1111","27","7.4 oz",NULL,"2020-08-30 22:47:04"
"1112","27","2.15 oz",NULL,"2020-08-30 22:47:04"
"1113","27","6 x 1.7oz",NULL,"2020-08-30 22:47:04"
"1114","27","8 x 0.83oz",NULL,"2020-08-30 22:47:04"
"1115","27","8 x 0.84 oz",NULL,"2020-08-30 22:47:04"
"1116","27","18 x 0.84 oz",NULL,"2020-08-30 22:47:04"
"1117","27","14 x 1.09 oz",NULL,"2020-08-30 22:47:04"
"1118","27","14 x 1.057 oz",NULL,"2020-08-30 22:47:04"
"1119","27","5 x 1.23 oz",NULL,"2020-08-30 22:47:04"
"1120","27","16 x 2 oz",NULL,"2020-08-30 22:47:04"
"1121","27","1.2 oz",NULL,"2020-08-30 22:47:04"
"1122","27","10 x 1.41 oz",NULL,"2020-08-30 22:47:04"
"1123","27","1.58 oz",NULL,"2020-08-30 22:47:04"
"1124","25","Ice Cream Toppings",NULL,"2020-08-30 22:47:04"
"1125","27","12 x 5 oz",NULL,"2020-08-30 22:47:04"
"1126","27","6 x 4 fl oz",NULL,"2020-08-30 22:47:04"
"1127","27","12.25 oz",NULL,"2020-08-30 22:47:04"
"1128","25","Cocoa & Drink Mixes",NULL,"2020-08-30 22:47:05"
"1129","27","18.6 oz",NULL,"2020-08-30 22:47:05"
"1130","27","47.2 oz",NULL,"2020-08-30 22:47:05"
"1131","27","13.9 oz",NULL,"2020-08-30 22:47:05"
"1132","27","58 oz",NULL,"2020-08-30 22:47:05"
"1133","27","19.7 oz",NULL,"2020-08-30 22:47:05"
"1134","25","Single To-Go Coffee",NULL,"2020-08-30 22:47:05"
"1135","27","13.7 fl oz",NULL,"2020-08-30 22:47:05"
"1136","27","4 x 6.5 fl oz",NULL,"2020-08-30 22:47:05"
"1137","27","4 x 9.5 fl oz",NULL,"2020-08-30 22:47:05"
"1138","27","750 ml",NULL,"2020-08-30 22:47:05"
"1139","27","33.8 fl oz",NULL,"2020-08-30 22:47:05"
"1140","27","1.75 L",NULL,"2020-08-30 22:47:05"
"1141","27","1.85 oz",NULL,"2020-08-30 22:47:06"
"1142","27","23.6 oz",NULL,"2020-08-30 22:47:06"
"1143","27","375 ml",NULL,"2020-08-30 22:47:06"
"1144","25","Energy & Sports Drinks",NULL,"2020-08-30 22:47:06"
"1145","27","18.3 oz",NULL,"2020-08-30 22:47:06"
"1146","27","8 x 1.23 oz",NULL,"2020-08-30 22:47:06"
"1147","27","8 x 1.24 oz",NULL,"2020-08-30 22:47:06"
"1148","27","4 x 16 fl oz",NULL,"2020-08-30 22:47:06"
"1149","27","10 x 16 fl oz",NULL,"2020-08-30 22:47:06"
"1150","27","8 x 16 fl oz",NULL,"2020-08-30 22:47:06"
"1151","27","4 x 8.4 fl oz",NULL,"2020-08-30 22:47:06"
"1152","27","12 x 8.4 fl oz",NULL,"2020-08-30 22:47:06"
"1153","25","Juice & Nectars",NULL,"2020-08-30 22:47:06"
"1154","27","2 L",NULL,"2020-08-30 22:47:06"
"1155","27","12 x 12 fl oz",NULL,"2020-08-30 22:47:06"
"1156","25","Ice Pops",NULL,"2020-08-30 22:47:06"
"1157","27","100 x 1.5 oz",NULL,"2020-08-30 22:47:06"
"1158","27","16 x 1.5 oz",NULL,"2020-08-30 22:47:06"
"1159","27","2.53 oz",NULL,"2020-08-30 22:47:06"
"1160","25","Soft Drinks",NULL,"2020-08-30 22:47:07"
"1161","25","Ginger Ale",NULL,"2020-08-30 22:47:07"
"1162","27","8 x 12 fl oz",NULL,"2020-08-30 22:47:07"
"1163","27","24 x 12 fl oz",NULL,"2020-08-30 22:47:07"
"1164","27","6 x 16.9 fl oz",NULL,"2020-08-30 22:47:07"
"1165","27","6 x 7.5 fl oz",NULL,"2020-08-30 22:47:07"
"1166","27","42.2 fl oz",NULL,"2020-08-30 22:47:07"
"1167","27","6 x 12 fl oz",NULL,"2020-08-30 22:47:07"
"1168","27","10 x 7.5 fl oz",NULL,"2020-08-30 22:47:07"
"1169","27","1.25 L",NULL,"2020-08-30 22:47:07"
"1170","27","6 x 7.5 oz",NULL,"2020-08-30 22:47:08"
"1171","25","Seltzer",NULL,"2020-08-30 22:47:08"
"1172","25","Sparkling Water",NULL,"2020-08-30 22:47:08"
"1173","25","Water",NULL,"2020-08-30 22:47:08"
"1174","27","30.4 fl oz",NULL,"2020-08-30 22:47:08"
"1175","25","Tonic Water",NULL,"2020-08-30 22:47:08"
"1176","25","Ginger Beer",NULL,"2020-08-30 22:47:08"
"1177","27","1 gal",NULL,"2020-08-30 22:47:08"
"1178","27","8 x 8 fl oz",NULL,"2020-08-30 22:47:08"
"1179","27","12 x 8 fl oz",NULL,"2020-08-30 22:47:08"
"1180","27","25.3 fl oz",NULL,"2020-08-30 22:47:08"
"1181","27","50.7 fl oz",NULL,"2020-08-30 22:47:09"
"1182","27","24 x 20 fl oz",NULL,"2020-08-30 22:47:09"
"1183","27","12 x 1.5 L",NULL,"2020-08-30 22:47:09"
"1184","27","6 x 33.8 fl oz",NULL,"2020-08-30 22:47:09"
"1185","27","6 x 1 L",NULL,"2020-08-30 22:47:09"
"1186","27","24 x 500 ml",NULL,"2020-08-30 22:47:09"
"1187","27","6 x 500 ml",NULL,"2020-08-30 22:47:09"
"1188","27","24 x 700 ml",NULL,"2020-08-30 22:47:09"
"1189","27","12 x 1 L",NULL,"2020-08-30 22:47:09"
"1190","27","23.7 fl oz",NULL,"2020-08-30 22:47:09"
"1191","27","20.3 fl oz",NULL,"2020-08-30 22:47:09"
"1192","27","6 x 0.5 L",NULL,"2020-08-30 22:47:09"
"1193","27","12 x 700 ml",NULL,"2020-08-30 22:47:09"
"1194","27","12 x 8 oz",NULL,"2020-08-30 22:47:09"
"1195","27","2.5 gal",NULL,"2020-08-30 22:47:09"
"1196","27","101.4 fl oz",NULL,"2020-08-30 22:47:09"
"1197","27","6 x 700 ml",NULL,"2020-08-30 22:47:09"
"1198","27","8 x 16.9 fl oz",NULL,"2020-08-30 22:47:09"
"1199","27","12 x 17 fl oz",NULL,"2020-08-30 22:47:10"
"1200","25","Rice Cake",NULL,"2020-08-30 22:47:10"
"1201","27","9.6 oz",NULL,"2020-08-30 22:47:10"
"1202","27","3.52 oz",NULL,"2020-08-30 22:47:10"
"1203","27","3.03 oz",NULL,"2020-08-30 22:47:10"
"1204","27","7.23 oz",NULL,"2020-08-30 22:47:10"
"1205","27","4.47 oz",NULL,"2020-08-30 22:47:10"
"1206","25","Nuts, Seeds & Dried Fruit",NULL,"2020-08-30 22:47:10"
"1207","25","Jerky",NULL,"2020-08-30 22:47:10"
"1208","27","10.3 oz",NULL,"2020-08-30 22:47:11"
"1209","27","5.4 oz",NULL,"2020-08-30 22:47:11"
"1210","27","4.34 oz",NULL,"2020-08-30 22:47:11"
"1211","27","12.75 oz",NULL,"2020-08-30 22:47:11"
"1212","27","22.58 oz",NULL,"2020-08-30 22:47:11"
"1213","27","6 box",NULL,"2020-08-30 22:47:11"
"1214","25","Refrigerated Drinks",NULL,"2020-08-30 22:47:12"
"1215","27","15.21 fl oz",NULL,"2020-08-30 22:47:12"
"1216","27","52 fl oz",NULL,"2020-08-30 22:47:12"
"1217","27","15.2 fl oz",NULL,"2020-08-30 22:47:12"
"1218","27","53 fl oz",NULL,"2020-08-30 22:47:12"
"1219","27","4 x 7 oz",NULL,"2020-08-30 22:47:12"
"1220","27","59 fl oz",NULL,"2020-08-30 22:47:12"
"1221","27","59 oz",NULL,"2020-08-30 22:47:12"
"1222","27","89 fl oz",NULL,"2020-08-30 22:47:12"
"1223","27","128 oz",NULL,"2020-08-30 22:47:12"
"1224","27","64 oz",NULL,"2020-08-30 22:47:12"
"1225","27","12 x fl oz",NULL,"2020-08-30 22:47:13"
"1226","27","6 x 18.5 fl oz",NULL,"2020-08-30 22:47:13"
"1227","27","0.5 gal",NULL,"2020-08-30 22:47:13"
"1228","27","11.1 oz",NULL,"2020-08-30 22:47:13"
"1229","25","Breakfast Bars",NULL,"2020-08-30 22:47:13"
"1230","27","5 x 2.12 oz",NULL,"2020-08-30 22:47:13"
"1231","25","Twists",NULL,"2020-08-30 22:47:13"
"1232","25","Donuts",NULL,"2020-08-30 22:47:13"
"1233","25","Muffins",NULL,"2020-08-30 22:47:13"
"1234","27","20 x 0.41 oz",NULL,"2020-08-30 22:47:13"
"1235","25","Brownies",NULL,"2020-08-30 22:47:13"
"1236","27","6 x 0.89 oz",NULL,"2020-08-30 22:47:13"
"1237","27","5 x 1.4 oz",NULL,"2020-08-30 22:47:13"
"1238","27","5 x 0.82 oz",NULL,"2020-08-30 22:47:13"
"1239","27","5 x 1.41 oz",NULL,"2020-08-30 22:47:13"
"1240","27","1.1 oz",NULL,"2020-08-30 22:47:13"
"1241","27","5 x 7 oz",NULL,"2020-08-30 22:47:13"
"1242","25","Biscuits",NULL,"2020-08-30 22:47:13"
"1243","27","10.4 oz",NULL,"2020-08-30 22:47:13"
"1244","27","16 x 20.8 oz",NULL,"2020-08-30 22:47:13"
"1245","27","8 x 10.4 oz",NULL,"2020-08-30 22:47:13"
"1246","27","16 x 1.3 oz",NULL,"2020-08-30 22:47:13"
"1247","27","8 x 1.3 oz",NULL,"2020-08-30 22:47:13"
"1248","25","Pastries",NULL,"2020-08-30 22:47:14"
"1249","27","8 x 14.7 oz",NULL,"2020-08-30 22:47:14"
"1250","27","16 x 29.3 oz",NULL,"2020-08-30 22:47:14"
"1251","27","16 x 28.2 oz",NULL,"2020-08-30 22:47:14"
"1252","27","16 x 27.1 oz",NULL,"2020-08-30 22:47:14"
"1253","27","8 x 15.2 oz",NULL,"2020-08-30 22:47:14"
"1254","25","Other Pastries",NULL,"2020-08-30 22:47:14"
"1255","27","6 x 0.88 oz",NULL,"2020-08-30 22:47:14"
"1256","27","9.72 oz",NULL,"2020-08-30 22:47:14"
"1257","27","1.24 oz",NULL,"2020-08-30 22:47:14"
"1258","27","8 x 0.7oz",NULL,"2020-08-30 22:47:14"
"1259","27","5 x 1.34 oz",NULL,"2020-08-30 22:47:14"
"1260","27","16 x 0.78 oz",NULL,"2020-08-30 22:47:14"
"1261","27","40 Ct",NULL,"2020-08-30 22:47:14"
"1262","27","44 oz",NULL,"2020-08-30 22:50:28"
"1263","27","115 count",NULL,"2020-08-30 22:50:29"
"1264","27","4.4 lb",NULL,"2020-08-30 22:50:30"
"1265","27","35.27 oz",NULL,"2020-08-30 22:50:30"
"1266","27","80 x 0.105 oz",NULL,"2020-08-30 22:50:30"
"1267","27","140 x 3 g",NULL,"2020-08-30 22:50:30"
"1268","25","Doughs, Gelatins & Bake Mixes",NULL,"2020-08-30 22:50:30"
"1269","27","17.5 oz",NULL,"2020-08-30 22:50:30"
"1270","27","19.9 oz",NULL,"2020-08-30 22:50:30"
"1271","27","16.9 oz",NULL,"2020-08-30 22:50:30"
"1272","27","16.5 oz",NULL,"2020-08-30 22:50:30"
"1273","27","4 x 2.5oz",NULL,"2020-08-30 22:50:30"
"1274","27","9.24 oz",NULL,"2020-08-30 22:50:30"
"1275","27","0.3 oz",NULL,"2020-08-30 22:50:30"
"1276","27","3.8 oz",NULL,"2020-08-30 22:50:30"
"1277","27","1.3 oz",NULL,"2020-08-30 22:50:31"
"1278","27","1.25 lb",NULL,"2020-08-30 22:50:31"
"1279","27","17.1 oz",NULL,"2020-08-30 22:50:31"
"1280","27","18.5 oz",NULL,"2020-08-30 22:50:31"
"1281","27","0.88 oz",NULL,"2020-08-30 22:50:31"
"1282","27","2 x 12.4 oz",NULL,"2020-08-30 22:50:31"
"1283","27","8 x 12.4 oz",NULL,"2020-08-30 22:50:31"
"1284","27","5 x 17.oz",NULL,"2020-08-30 22:50:31"
"1285","27","8 x 16.3 oz",NULL,"2020-08-30 22:50:31"
"1286","27","12 x 16 oz",NULL,"2020-08-30 22:50:31"
"1287","27","24 x 16 oz",NULL,"2020-08-30 22:50:31"
"1288","27","0.32 oz",NULL,"2020-08-30 22:50:31"
"1289","27","2.03 oz",NULL,"2020-08-30 22:50:31"
"1290","25","Oils & Vinegars",NULL,"2020-08-30 22:50:31"
"1291","27","68 fl oz",NULL,"2020-08-30 22:50:31"
"1292","27","51 fl oz",NULL,"2020-08-30 22:50:31"
"1293","27","12.7 fl oz",NULL,"2020-08-30 22:50:31"
"1294","27","25.5 oz",NULL,"2020-08-30 22:50:31"
"1295","27","32.9 oz",NULL,"2020-08-30 22:50:31"
"1296","27","51 oz",NULL,"2020-08-30 22:50:31"
"1297","27","25.5 fl oz",NULL,"2020-08-30 22:50:32"
"1298","27","101.4 oz",NULL,"2020-08-30 22:50:32"
"1299","27","13.75 fl oz",NULL,"2020-08-30 22:50:32"
"1300","27","101 fl oz",NULL,"2020-08-30 22:50:32"
"1301","25","Spices & Seasonings",NULL,"2020-08-30 22:50:33"
"1302","27","0.2 oz",NULL,"2020-08-30 22:50:33"
"1303","27","0.17 oz",NULL,"2020-08-30 22:50:33"
"1304","27","0.77 oz",NULL,"2020-08-30 22:50:33"
"1305","27","20 x 3.52 oz",NULL,"2020-08-30 22:50:33"
"1306","27","0.25 oz",NULL,"2020-08-30 22:50:33"
"1307","27","6 g",NULL,"2020-08-30 22:50:33"
"1308","27","0.49 oz",NULL,"2020-08-30 22:50:33"
"1309","27","0.46 oz",NULL,"2020-08-30 22:50:33"
"1310","27","1.9 oz",NULL,"2020-08-30 22:50:33"
"1311","27","1.12 oz",NULL,"2020-08-30 22:50:34"
"1312","27","2.87 oz",NULL,"2020-08-30 22:50:34"
"1313","27","0.62 oz",NULL,"2020-08-30 22:50:34"
"1314","27","9.25 oz",NULL,"2020-08-30 22:50:34"
"1315","27","1.14 oz",NULL,"2020-08-30 22:50:34"
"1316","27","0.5 oz container",NULL,"2020-08-30 22:50:34"
"1317","27","3.12 oz",NULL,"2020-08-30 22:50:34"
"1318","27","2.62 oz",NULL,"2020-08-30 22:50:34"
"1319","27","0.16 oz container",NULL,"2020-08-30 22:50:34"
"1320","27","1.37 oz",NULL,"2020-08-30 22:50:34"
"1321","27","0.12 oz container",NULL,"2020-08-30 22:50:34"
"1322","27","3 x 1.37 oz",NULL,"2020-08-30 22:50:34"
"1323","27","1.62 oz",NULL,"2020-08-30 22:50:34"
"1324","27","0.55 oz",NULL,"2020-08-30 22:50:34"
"1325","27","1 oz jar",NULL,"2020-08-30 22:50:34"
"1326","27","0.65 oz",NULL,"2020-08-30 22:50:34"
"1327","27","0.37 oz",NULL,"2020-08-30 22:50:34"
"1328","27","3.18 oz",NULL,"2020-08-30 22:50:34"
"1329","27","1.13 oz",NULL,"2020-08-30 22:50:34"
"1330","27","7.62 oz",NULL,"2020-08-30 22:50:34"
"1331","27","0.85 oz",NULL,"2020-08-30 22:50:34"
"1332","27","0.6 oz container",NULL,"2020-08-30 22:50:34"
"1333","27","0.7 oz",NULL,"2020-08-30 22:50:34"
"1334","27","0.95 oz container",NULL,"2020-08-30 22:50:34"
"1335","27","0.35 oz container",NULL,"2020-08-30 22:50:35"
"1336","27","0.87 oz",NULL,"2020-08-30 22:50:35"
"1337","27","4.23 oz",NULL,"2020-08-30 22:50:35"
"1338","27","0.16 oz",NULL,"2020-08-30 22:50:35"
"1339","27","2.37 oz",NULL,"2020-08-30 22:50:35"
"1340","27","5.7 oz",NULL,"2020-08-30 22:50:35"
"1341","27","0.4 oz",NULL,"2020-08-30 22:50:35"
"1342","27","3.2 oz",NULL,"2020-08-30 22:50:35"
"1343","27","15.5 oz",NULL,"2020-08-30 22:50:35"
"1344","27","10.75 oz",NULL,"2020-08-30 22:50:36"
"1345","27","9.9 oz",NULL,"2020-08-30 22:50:37"
"1346","27","7.7 oz",NULL,"2020-08-30 22:50:37"
"1347","27","108 oz",NULL,"2020-08-30 22:50:37"
"1348","27","26.46 oz",NULL,"2020-08-30 22:50:37"
"1349","27","4.5 oz container",NULL,"2020-08-30 22:50:37"
"1350","25","Canned Fruit & Applesauce",NULL,"2020-08-30 22:50:37"
"1351","27","23.5 oz",NULL,"2020-08-30 22:50:38"
"1352","27","15 oz can",NULL,"2020-08-30 22:50:38"
"1353","27","46 oz",NULL,"2020-08-30 22:50:38"
"1354","27","6 x 7 oz",NULL,"2020-08-30 22:50:38"
"1355","27","6 x 10 oz",NULL,"2020-08-30 22:50:38"
"1356","27","6 x 3.9 oz",NULL,"2020-08-30 22:50:38"
"1357","27","4 x 6 oz",NULL,"2020-08-30 22:50:38"
"1358","27","0.38 lb",NULL,"2020-08-30 22:50:38"
"1359","25","Canned Meals & Beans",NULL,"2020-08-30 22:50:38"
"1360","27","55 oz",NULL,"2020-08-30 22:50:38"
"1361","27","14.2 oz",NULL,"2020-08-30 22:50:38"
"1362","27","15.6 oz",NULL,"2020-08-30 22:50:39"
"1363","27","13.7 oz",NULL,"2020-08-30 22:50:39"
"1364","25","Canned Meat & Seafood",NULL,"2020-08-30 22:50:40"
"1365","25","Soup, Broth & Bouillon",NULL,"2020-08-30 22:50:41"
"1366","27","15.4 oz",NULL,"2020-08-30 22:50:41"
"1367","27","18.8 oz",NULL,"2020-08-30 22:50:41"
"1368","27","2.82 oz",NULL,"2020-08-30 22:50:42"
"1369","27","25 x 3 oz",NULL,"2020-08-30 22:50:42"
"1370","27","113 g",NULL,"2020-08-30 22:50:42"
"1371","27","3.33 oz",NULL,"2020-08-30 22:50:42"
"1372","27","32 g",NULL,"2020-08-30 22:50:42"
"1373","27","34 g",NULL,"2020-08-30 22:50:42"
"1374","27","6 x 0.38 oz",NULL,"2020-08-30 22:50:42"
"1375","27","6 x 2.5 oz",NULL,"2020-08-30 22:50:42"
"1376","27","2 x 1 oz",NULL,"2020-08-30 22:50:42"
"1377","27","2 x 2.4 oz",NULL,"2020-08-30 22:50:42"
"1378","27","12 x 3 oz",NULL,"2020-08-30 22:50:42"
"1379","27","3.31 oz",NULL,"2020-08-30 22:50:42"
"1380","27","6 x 2.25 oz",NULL,"2020-08-30 22:50:42"
"1381","25","Condiments",NULL,"2020-08-30 22:50:43"
"1382","27","2 x 50.5 oz",NULL,"2020-08-30 22:50:44"
"1383","27","38 oz",NULL,"2020-08-30 22:50:44"
"1384","27","34 oz",NULL,"2020-08-30 22:50:44"
"1385","27","11.5 fl oz",NULL,"2020-08-30 22:50:44"
"1386","27","4 x 2.5 oz",NULL,"2020-08-30 22:50:45"
"1387","27","680 g",NULL,"2020-08-30 22:50:45"
"1388","27","4 x 2 oz",NULL,"2020-08-30 22:50:45"
"1389","25","Honeys, Syrups & Nectars",NULL,"2020-08-30 22:50:45"
"1390","27","18.5 fl oz",NULL,"2020-08-30 22:50:46"
"1391","25","Marinades & Meat Preparation",NULL,"2020-08-30 22:50:46"
"1392","27","0.81 oz",NULL,"2020-08-30 22:50:47"
"1393","25","Pickled Goods & Olives",NULL,"2020-08-30 22:50:48"
"1394","27","13.2 oz",NULL,"2020-08-30 22:50:48"
"1395","27","148.8 g",NULL,"2020-08-30 22:50:49"
"1396","27","46 fl oz",NULL,"2020-08-30 22:50:49"
"1397","27","1.36 L",NULL,"2020-08-30 22:50:49"
"1398","27","710 ml",NULL,"2020-08-30 22:50:49"
"1399","27","1 pint",NULL,"2020-08-30 22:50:49"
"1400","27","15.5 fl oz",NULL,"2020-08-30 22:50:49"
"1401","27","4 x 1.2 oz",NULL,"2020-08-30 22:50:49"
"1402","27","3.5 fl oz",NULL,"2020-08-30 22:50:49"
"1403","25","Preserved Dips & Spreads",NULL,"2020-08-30 22:50:50"
"1404","25","Salad Dressing & Toppings",NULL,"2020-08-30 22:50:50"
"1405","27","0.6 oz",NULL,"2020-08-30 22:50:51"
"1406","27","28 x 0.5 L",NULL,"2020-08-30 22:50:52"
"1407","27","33.77 oz",NULL,"2020-08-30 22:50:52"
"1408","25","Spreads",NULL,"2020-08-30 22:50:52"
"1409","27","16.3 oz",NULL,"2020-08-30 22:50:52"
"1410","27","8 x 1.5 oz",NULL,"2020-08-30 22:50:53"
"1411","27","26.5 oz",NULL,"2020-08-30 22:50:53"
"1412","25","Frozen Appetizers & Sides",NULL,"2020-08-30 22:50:54"
"1413","27","1.75 lb",NULL,"2020-08-30 22:50:54"
"1414","27","19.5 oz",NULL,"2020-08-30 22:50:54"
"1415","27","10 x 20 oz",NULL,"2020-08-30 22:50:54"
"1416","27","80 oz",NULL,"2020-08-30 22:50:54"
"1417","27","2 x 4.5 oz",NULL,"2020-08-30 22:50:54"
"1418","27","15 x 1.5 oz",NULL,"2020-08-30 22:50:54"
"1419","27","8 x 11.25 oz",NULL,"2020-08-30 22:50:55"
"1420","27","22.3 oz",NULL,"2020-08-30 22:50:55"
"1421","27","23.7 oz",NULL,"2020-08-30 22:50:55"
"1422","27","19.8 oz",NULL,"2020-08-30 22:50:55"
"1423","27","40 x 19.8 oz",NULL,"2020-08-30 22:50:55"
"1424","27","18 x 10.9 oz",NULL,"2020-08-30 22:50:55"
"1425","27","8 x 13.5 oz",NULL,"2020-08-30 22:50:55"
"1426","25","Frozen Breads & Doughs",NULL,"2020-08-30 22:50:55"
"1427","27","22.8 oz",NULL,"2020-08-30 22:50:55"
"1428","27","4 x 3.5 fl oz",NULL,"2020-08-30 22:50:55"
"1429","27","10 x 6.4 oz",NULL,"2020-08-30 22:50:55"
"1430","27","24.9 oz",NULL,"2020-08-30 22:50:55"
"1431","27","21.16 oz",NULL,"2020-08-30 22:50:55"
"1432","27","18 x 24.8 oz",NULL,"2020-08-30 22:50:55"
"1433","27","4 x 4.5 oz",NULL,"2020-08-30 22:50:56"
"1434","27","8 x 4.5 oz",NULL,"2020-08-30 22:50:56"
"1435","27","4 x 4.6 oz",NULL,"2020-08-30 22:50:56"
"1436","27","4 x 4.1 oz",NULL,"2020-08-30 22:50:56"
"1437","27","8 x 10.1 oz",NULL,"2020-08-30 22:50:56"
"1438","27","5 x 6 count",NULL,"2020-08-30 22:50:56"
"1439","27","32 x 12.7 oz",NULL,"2020-08-30 22:50:56"
"1440","27","14.8 oz",NULL,"2020-08-30 22:50:56"
"1441","27","40 x 14.1 oz",NULL,"2020-08-30 22:50:56"
"1442","27","29.6 oz",NULL,"2020-08-30 22:50:56"
"1443","27","10 x 4 count",NULL,"2020-08-30 22:50:56"
"1444","27","4 x 10 count",NULL,"2020-08-30 22:50:56"
"1445","27","25.8 oz",NULL,"2020-08-30 22:50:56"
"1446","27","24.6 oz",NULL,"2020-08-30 22:50:56"
"1447","27","8 x 2 count",NULL,"2020-08-30 22:50:56"
"1448","27","4 x 13.oz",NULL,"2020-08-30 22:50:56"
"1449","27","6 x 7.4 oz",NULL,"2020-08-30 22:50:56"
"1450","27","4 x 7.2 oz",NULL,"2020-08-30 22:50:56"
"1451","25","Frozen Dessert",NULL,"2020-08-30 22:50:56"
"1452","27","25.9 oz",NULL,"2020-08-30 22:50:57"
"1453","27","14.11 oz",NULL,"2020-08-30 22:50:57"
"1454","27","12 x 14.8 oz",NULL,"2020-08-30 22:50:57"
"1455","27","6 x fl oz",NULL,"2020-08-30 22:50:57"
"1456","27","39 oz",NULL,"2020-08-30 22:50:57"
"1457","27","37 oz",NULL,"2020-08-30 22:50:57"
"1458","27","2 x 16 oz",NULL,"2020-08-30 22:50:57"
"1459","27","4 x 12.5 oz",NULL,"2020-08-30 22:50:57"
"1460","27","19.6 oz",NULL,"2020-08-30 22:50:57"
"1461","25","Frozen Juice",NULL,"2020-08-30 22:50:57"
"1462","27","63 oz",NULL,"2020-08-30 22:50:57"
"1463","25","Frozen Meal",NULL,"2020-08-30 22:50:57"
"1464","27","13.8 oz",NULL,"2020-08-30 22:50:58"
"1465","27","10.7 oz",NULL,"2020-08-30 22:50:58"
"1466","27","2 x 241 g",NULL,"2020-08-30 22:50:58"
"1467","27","8.65 oz",NULL,"2020-08-30 22:50:58"
"1468","27","9.88 oz",NULL,"2020-08-30 22:50:58"
"1469","27","8.13 oz",NULL,"2020-08-30 22:50:58"
"1470","27","9.62 oz",NULL,"2020-08-30 22:50:58"
"1471","27","10.88 oz",NULL,"2020-08-30 22:50:58"
"1472","27","9.38 oz",NULL,"2020-08-30 22:50:58"
"1473","27","10.36 oz",NULL,"2020-08-30 22:50:59"
"1474","27","8.63 oz",NULL,"2020-08-30 22:50:59"
"1475","27","9.12 oz",NULL,"2020-08-30 22:50:59"
"1476","27","8 x 20 oz",NULL,"2020-08-30 22:50:59"
"1477","27","60 oz",NULL,"2020-08-30 22:50:59"
"1478","27","8 x 36 oz",NULL,"2020-08-30 22:50:59"
"1479","27","8 x 32 oz",NULL,"2020-08-30 22:50:59"
"1480","27","21 x 24.2 oz",NULL,"2020-08-30 22:50:59"
"1481","27","28 x 12.84 oz",NULL,"2020-08-30 22:50:59"
"1482","27","8.875 oz",NULL,"2020-08-30 22:51:00"
"1483","27","9.63 oz",NULL,"2020-08-30 22:51:00"
"1484","27","12.62 oz",NULL,"2020-08-30 22:51:00"
"1485","27","57 oz",NULL,"2020-08-30 22:51:00"
"1486","27","90 oz",NULL,"2020-08-30 22:51:00"
"1487","27","12.88 oz",NULL,"2020-08-30 22:51:00"
"1488","27","8.38 oz",NULL,"2020-08-30 22:51:00"
"1489","25","Frozen Pizza",NULL,"2020-08-30 22:51:00"
"1490","27","16.8 oz",NULL,"2020-08-30 22:51:00"
"1491","27","5.08 oz",NULL,"2020-08-30 22:51:00"
"1492","27","5.22 oz",NULL,"2020-08-30 22:51:01"
"1493","27","5.36 oz",NULL,"2020-08-30 22:51:01"
"1494","27","5.96 oz",NULL,"2020-08-30 22:51:01"
"1495","27","28.7 oz",NULL,"2020-08-30 22:51:01"
"1496","27","27.5 oz",NULL,"2020-08-30 22:51:01"
"1497","27","31.5 oz",NULL,"2020-08-30 22:51:01"
"1498","27","21.3 oz",NULL,"2020-08-30 22:51:01"
"1499","27","30.5 oz",NULL,"2020-08-30 22:51:01"
"1500","27","9 x 18.3 oz",NULL,"2020-08-30 22:51:01"
"1501","27","18.9 oz",NULL,"2020-08-30 22:51:01"
"1502","27","9 x 18.oz",NULL,"2020-08-30 22:51:01"
"1503","27","19.64 oz",NULL,"2020-08-30 22:51:01"
"1504","27","23.09 oz",NULL,"2020-08-30 22:51:01"
"1505","27","27.51 oz",NULL,"2020-08-30 22:51:01"
"1506","27","26.11 oz",NULL,"2020-08-30 22:51:01"
"1507","27","28.83 oz",NULL,"2020-08-30 22:51:01"
"1508","27","27.35 oz",NULL,"2020-08-30 22:51:01"
"1509","27","30.88 oz",NULL,"2020-08-30 22:51:01"
"1510","27","20.28 oz",NULL,"2020-08-30 22:51:01"
"1511","27","28.2 oz",NULL,"2020-08-30 22:51:01"
"1512","27","28.3 oz",NULL,"2020-08-30 22:51:01"
"1513","27","32.7 oz",NULL,"2020-08-30 22:51:01"
"1514","27","22.25 oz",NULL,"2020-08-30 22:51:01"
"1515","27","12.1 oz",NULL,"2020-08-30 22:51:01"
"1516","27","14.7 oz",NULL,"2020-08-30 22:51:01"
"1517","27","20.66 oz",NULL,"2020-08-30 22:51:01"
"1518","27","20.6 oz",NULL,"2020-08-30 22:51:01"
"1519","27","23.45 oz",NULL,"2020-08-30 22:51:01"
"1520","27","17.46 oz",NULL,"2020-08-30 22:51:01"
"1521","27","10.38 oz",NULL,"2020-08-30 22:51:01"
"1522","27","12.38 oz",NULL,"2020-08-30 22:51:01"
"1523","27","14.45 oz",NULL,"2020-08-30 22:51:01"
"1524","27","18.56 oz",NULL,"2020-08-30 22:51:01"
"1525","27","14.82 oz",NULL,"2020-08-30 22:51:01"
"1526","25","Frozen Produce",NULL,"2020-08-30 22:51:01"
"1527","27","15 oz bag",NULL,"2020-08-30 22:51:02"
"1528","27","24 oz bag",NULL,"2020-08-30 22:51:02"
"1529","25","Frozen Vegan & Vegetarian",NULL,"2020-08-30 22:51:03"
"1530","27","4 x 10 oz",NULL,"2020-08-30 22:51:03"
"1531","27","10.1 oz",NULL,"2020-08-30 22:51:03"
"1532","27","4 x 10.6 oz",NULL,"2020-08-30 22:51:04"
"1533","25","Ice Cream & Ice",NULL,"2020-08-30 22:51:04"
"1534","27","3.6 fl oz",NULL,"2020-08-30 22:51:04"
"1535","27","8 x 2.25 oz",NULL,"2020-08-30 22:51:04"
"1536","27","28.5 oz",NULL,"2020-08-30 22:51:04"
"1537","27","1.5 quart",NULL,"2020-08-30 22:51:04"
"1538","27","1 quart",NULL,"2020-08-30 22:51:04"
"1539","27","5.8 fl oz",NULL,"2020-08-30 22:51:05"
"1540","27","6 x 2.75 fl oz",NULL,"2020-08-30 22:51:05"
"1541","27","6 x 3 fl oz",NULL,"2020-08-30 22:51:06"
"1542","27","10 x 3.75 fl oz",NULL,"2020-08-30 22:51:06"
"1543","27","16 x 2 fl oz",NULL,"2020-08-30 22:51:06"
"1544","27","6 x 4.5 fl oz",NULL,"2020-08-30 22:51:06"
"1545","27","6 x 24 fl oz",NULL,"2020-08-30 22:51:07"
"1546","27","3 x 3.38 fl oz",NULL,"2020-08-30 22:51:07"
"1547","27","1.75 quart",NULL,"2020-08-30 22:51:07"
"1548","27","38.4 oz",NULL,"2020-08-30 22:51:07"
"1549","27","15 lb",NULL,"2020-08-30 22:51:07"
"1550","27","20 x 1.75 fl oz",NULL,"2020-08-30 22:51:07"
"1551","27","12 x 1.5 fl oz",NULL,"2020-08-30 22:51:07"
"1552","27","6 x 14.7 fl oz",NULL,"2020-08-30 22:51:07"
"1553","27","14.7 fl oz",NULL,"2020-08-30 22:51:07"
"1554","27","18 x 2 fl oz",NULL,"2020-08-30 22:51:07"
"1555","27","8 x 1.65 fl oz",NULL,"2020-08-30 22:51:07"
"1556","27","5 x 2.1 fl oz",NULL,"2020-08-30 22:51:07"
"1557","27","473 ml",NULL,"2020-08-30 22:51:08"
"1558","27","1.8 fl oz",NULL,"2020-08-30 22:51:08"
"1559","27","12 x 1.8 fl oz",NULL,"2020-08-30 22:51:08"
"1560","27","4 x 3 fl oz",NULL,"2020-08-30 22:51:08"
"1561","25","Dry Pasta",NULL,"2020-08-30 22:51:08"
"1562","25","Fresh Pasta",NULL,"2020-08-30 22:51:09"
"1563","25","Grains, Rice & Dried Goods",NULL,"2020-08-30 22:51:09"
"1564","27","10 lb",NULL,"2020-08-30 22:51:10"
"1565","27","4.8 oz",NULL,"2020-08-30 22:51:10"
"1566","27","20 lb",NULL,"2020-08-30 22:51:10"
"1567","27","2.2 lb",NULL,"2020-08-30 22:51:10"
"1568","27","4 x 8.8 oz",NULL,"2020-08-30 22:51:10"
"1569","27","31.7 oz",NULL,"2020-08-30 22:51:10"
"1570","27","25 lb",NULL,"2020-08-30 22:51:10"
"1571","27","2 x 2.01 oz",NULL,"2020-08-30 22:51:10"
"1572","27","12 x 6 oz",NULL,"2020-08-30 22:51:10"
"1573","27","8 x 7.5 fl oz",NULL,"2020-08-30 22:51:11"
"1574","27","26.2 oz",NULL,"2020-08-30 22:51:11"
"1575","27","2.05 oz",NULL,"2020-08-30 22:51:11"
"1576","27","2.39 oz",NULL,"2020-08-30 22:51:11"
"1577","27","12.8 oz",NULL,"2020-08-30 22:51:11"
"1578","27","3.32 oz",NULL,"2020-08-30 22:51:11"
"1579","27","12 x 5.1 oz",NULL,"2020-08-30 22:51:11"
"1580","27","3.63 oz",NULL,"2020-08-30 22:51:12"
"1581","25","Pasta Sauce",NULL,"2020-08-30 22:51:12"
"1582","27","4.76 fl oz",NULL,"2020-08-30 22:51:12"
"1583","27","23.9 oz",NULL,"2020-08-30 22:51:13"
"1584","27","66 oz",NULL,"2020-08-30 22:51:13"
"1585","27","20.5 oz",NULL,"2020-08-30 23:05:17"
"1586","27","2 x 14.1 oz",NULL,"2020-08-30 23:05:18"
"1587","27","6 x 20 oz",NULL,"2020-08-30 23:05:19"
"1588","25","Breakfast Bakery",NULL,"2020-08-30 23:05:19"
"1589","27","5 x 16.7 oz",NULL,"2020-08-30 23:05:19"
"1590","27","6 x 2 count",NULL,"2020-08-30 23:05:19"
"1591","27","5 x 4 count",NULL,"2020-08-30 23:05:19"
"1592","27","13.23 oz",NULL,"2020-08-30 23:05:19"
"1593","27","12 x 17 oz",NULL,"2020-08-30 23:05:19"
"1594","27","10 x 15 oz",NULL,"2020-08-30 23:05:19"
"1595","27","8 x 13 oz",NULL,"2020-08-30 23:05:19"
"1596","25","Buns & Rolls",NULL,"2020-08-30 23:05:20"
"1597","27","6 x 13 oz",NULL,"2020-08-30 23:05:20"
"1598","27","8 x 16 oz",NULL,"2020-08-30 23:05:20"
"1599","27","19.2 oz",NULL,"2020-08-30 23:05:20"
"1600","27","21.5 oz",NULL,"2020-08-30 23:05:20"
"1601","27","8 x 15 oz",NULL,"2020-08-30 23:05:20"
"1602","27","12 x 15 oz",NULL,"2020-08-30 23:05:20"
"1603","27","8 x 1 oz",NULL,"2020-08-30 23:05:20"
"1604","25","Tortillas & Flat Bread",NULL,"2020-08-30 23:05:20"
"1605","27","2 x 5 oz",NULL,"2020-08-30 23:05:20"
"1606","27","10 x 17.5 oz",NULL,"2020-08-30 23:05:20"
"1607","27","5 x 10 oz",NULL,"2020-08-30 23:05:21"
"1608","27","6 x 8 oz",NULL,"2020-08-30 23:05:21"
"1609","27","6 x 9 oz",NULL,"2020-08-30 23:05:21"
"1610","27","12 inch",NULL,"2020-08-30 23:05:21"
"1611","27","2 x 8.8 oz",NULL,"2020-08-30 23:05:21"
"1612","27","20.35 oz",NULL,"2020-08-30 23:05:21"
"1613","27","21.6 oz",NULL,"2020-08-30 23:05:21"
"1614","27","12.2 oz",NULL,"2020-08-30 23:05:21"
"1615","27","14.25 oz",NULL,"2020-08-30 23:05:21"
"1616","27","20.25 oz",NULL,"2020-08-30 23:05:21"
"1617","27","19.3 oz",NULL,"2020-08-30 23:05:21"
"1618","27","13.4 oz",NULL,"2020-08-30 23:05:22"
"1619","27","21.7 oz",NULL,"2020-08-30 23:05:22"
"1620","27","10 x 10.94 oz",NULL,"2020-08-30 23:05:22"
"1621","27","26.8 oz",NULL,"2020-08-30 23:05:22"
"1622","27","16.6 oz",NULL,"2020-08-30 23:05:22"
"1623","27","24.8 oz",NULL,"2020-08-30 23:05:22"
"1624","27","14.9 oz",NULL,"2020-08-30 23:05:22"
"1625","27","16.4 oz",NULL,"2020-08-30 23:05:23"
"1626","27","20.9 oz",NULL,"2020-08-30 23:05:23"
"1627","27","22.9 oz",NULL,"2020-08-30 23:05:23"
"1628","25","Granola",NULL,"2020-08-30 23:05:23"
"1629","25","Hot Cereal & Pancake Mixes",NULL,"2020-08-30 23:05:23"
"1630","27","36.7 oz",NULL,"2020-08-30 23:05:23"
"1631","27","1.81 oz",NULL,"2020-08-30 23:05:23"
"1632","27","8.84 oz",NULL,"2020-08-30 23:05:23"
"1633","27","2 x 1.83 oz",NULL,"2020-08-30 23:05:23"
"1634","27","1.83 oz",NULL,"2020-08-30 23:05:23"
"1635","27","12 x 0.98 oz",NULL,"2020-08-30 23:05:24"
"1636","27","10 x 1.19 oz",NULL,"2020-08-30 23:05:24"
"1637","27","12.73 oz",NULL,"2020-08-30 23:05:24"
"1638","27","12 x 11.85 oz",NULL,"2020-08-30 23:05:24"
"1639","27","10 x 1.51 oz",NULL,"2020-08-30 23:05:24"
"1640","27","15.1 oz",NULL,"2020-08-30 23:05:24"
"1641","27","10 x 1.23 oz",NULL,"2020-08-30 23:05:24"
"1642","27","27.3 oz",NULL,"2020-08-30 23:05:24"
"1643","27","6 x 2.15 oz",NULL,"2020-08-30 23:05:24"
"1644","27","8 x 1.51 oz",NULL,"2020-08-30 23:05:24"
"1645","27","8 x 1.44 oz",NULL,"2020-08-30 23:05:24"
"1646","25","Butter",NULL,"2020-08-30 23:05:24"
"1647","27","2 x 7.5 oz",NULL,"2020-08-30 23:05:24"
"1648","27","4 x 16 oz",NULL,"2020-08-30 23:05:25"
"1649","27","4 x 1 lb",NULL,"2020-08-30 23:05:25"
"1650","27","946 ml",NULL,"2020-08-30 23:05:26"
"1651","27","6.5 fl oz",NULL,"2020-08-30 23:05:26"
"1652","25","Eggs",NULL,"2020-08-30 23:05:26"
"1653","27","2 x 3 oz",NULL,"2020-08-30 23:05:26"
"1654","27","8.8 oz bag",NULL,"2020-08-30 23:05:26"
"1655","25","Milk",NULL,"2020-08-30 23:05:26"
"1656","27","2 gal",NULL,"2020-08-30 23:05:27"
"1657","27","10 x 6.5 fl oz",NULL,"2020-08-30 23:05:28"
"1658","25","Other Creams & Cheeses",NULL,"2020-08-30 23:05:28"
"1659","27","3 x 1.5 oz",NULL,"2020-08-30 23:05:29"
"1660","25","Packaged Cheese",NULL,"2020-08-30 23:05:29"
"1661","27","5.2 oz",NULL,"2020-08-30 23:05:29"
"1662","27","10 x 8 oz",NULL,"2020-08-30 23:05:29"
"1663","27","24 x 20 oz",NULL,"2020-08-30 23:05:29"
"1664","27","24 x 7 oz",NULL,"2020-08-30 23:05:29"
"1665","27","10 x 7.5 oz",NULL,"2020-08-30 23:05:29"
"1666","27","12 x 10 oz",NULL,"2020-08-30 23:05:29"
"1667","27","0.83 oz",NULL,"2020-08-30 23:05:30"
"1668","27","16 x 10.7 oz",NULL,"2020-08-30 23:05:30"
"1669","27","16 x 12 oz",NULL,"2020-08-30 23:05:30"
"1670","27","Approx: 0.59 lb",NULL,"2020-08-30 23:05:30"
"1671","27","1 per lb",NULL,"2020-08-30 23:05:31"
"1672","27","6.84 oz",NULL,"2020-08-30 23:05:31"
"1673","27","18 x 0.38 oz",NULL,"2020-08-30 23:05:31"
"1674","27","8 x 0.43 oz",NULL,"2020-08-30 23:05:31"
"1675","27","7.6 oz",NULL,"2020-08-30 23:05:31"
"1676","25","Refrigerated Pudding & Desserts",NULL,"2020-08-30 23:05:31"
"1677","27","4 x 3.9 oz",NULL,"2020-08-30 23:05:31"
"1678","27","4 x 3.875 oz",NULL,"2020-08-30 23:05:31"
"1679","27","3.625 oz",NULL,"2020-08-30 23:05:31"
"1680","27","4 x 3.625 oz",NULL,"2020-08-30 23:05:31"
"1681","27","3.875 oz",NULL,"2020-08-30 23:05:31"
"1682","27","4 x 3.125 oz",NULL,"2020-08-30 23:05:31"
"1683","27","4 x 3.25 oz",NULL,"2020-08-30 23:05:31"
"1684","27","4 x 3.375 oz",NULL,"2020-08-30 23:05:31"
"1685","27","3.375 oz",NULL,"2020-08-30 23:05:31"
"1686","27","3.125 oz",NULL,"2020-08-30 23:05:31"
"1687","27","4 x 3.525 oz",NULL,"2020-08-30 23:05:31"
"1688","27","12 x 3.25 oz",NULL,"2020-08-30 23:05:32"
"1689","27","6 x 3.5 oz",NULL,"2020-08-30 23:05:32"
"1690","25","Soy & Lactose-Free",NULL,"2020-08-30 23:05:32"
"1691","27","6 x 32 fl oz",NULL,"2020-08-30 23:05:32"
"1692","25","Soy & Lactose-Free Milk",NULL,"2020-08-30 23:05:33"
"1693","25","Specialty Cheeses",NULL,"2020-08-30 23:05:33"
"1694","27","0.77 lb",NULL,"2020-08-30 23:05:33"
"1695","27","0.61 lb",NULL,"2020-08-30 23:05:33"
"1696","27","0.76 lb",NULL,"2020-08-30 23:05:33"
"1697","27","0.89 lb",NULL,"2020-08-30 23:05:33"
"1698","27","0.93 lb",NULL,"2020-08-30 23:05:33"
"1699","27","0.7 lb",NULL,"2020-08-30 23:05:33"
"1700","25","Yogurts/Dahi",NULL,"2020-08-30 23:05:33"
"1701","27","12 x 4 oz",NULL,"2020-08-30 23:05:34"
"1702","27","4 x 5.3 oz",NULL,"2020-08-30 23:05:34"
"1703","27","21.2 oz",NULL,"2020-08-30 23:05:34"
"1704","27","6 x 3.1 fl oz",NULL,"2020-08-30 23:05:34"
"1705","27","3.1 fl oz",NULL,"2020-08-30 23:05:35"
"1706","27","12 x 3.1 fl oz",NULL,"2020-08-30 23:05:35"
"1707","27","8 x 3.1 fl oz",NULL,"2020-08-30 23:05:35"
"1708","27","35.3 oz",NULL,"2020-08-30 23:05:36"
"1709","27","1.5 count",NULL,"2020-08-30 23:05:36"
"1710","27","8 x 2 oz",NULL,"2020-08-30 23:05:37"
"1711","27","4 x 6 fl oz",NULL,"2020-08-30 23:05:37"
"1712","27","8 x 6 oz",NULL,"2020-08-30 23:05:38"
"1713","27","12 x 0.37 oz",NULL,"2020-08-30 23:05:38"
"1714","27","10 x 0.37 oz",NULL,"2020-08-30 23:05:38"
"1715","27","22.6 oz",NULL,"2020-08-30 23:05:39"
"1716","27","36 x 0.28 oz",NULL,"2020-08-30 23:05:39"
"1717","27","12 x 0.33 oz",NULL,"2020-08-30 23:05:39"
"1718","27","36 x 0.33 oz",NULL,"2020-08-30 23:05:39"
"1719","27","29.3 oz",NULL,"2020-08-30 23:05:39"
"1720","27","30.6 oz",NULL,"2020-08-30 23:05:39"
"1721","27","20 x 0.07 oz",NULL,"2020-08-30 23:05:39"
"1722","27","12 x 0.4 oz",NULL,"2020-08-30 23:05:40"
"1723","27","10 x 0.43 oz",NULL,"2020-08-30 23:05:40"
"1724","27","10 x 0.47 oz",NULL,"2020-08-30 23:05:40"
"1725","27","10 x 0.42 oz",NULL,"2020-08-30 23:05:40"
"1726","27","4 x 9.5 oz",NULL,"2020-08-30 23:05:40"
"1727","27","9.5 fl oz",NULL,"2020-08-30 23:05:40"
"1728","27","4 x 11 oz",NULL,"2020-08-30 23:05:40"
"1729","27","10 x 0.44 oz",NULL,"2020-08-30 23:05:40"
"1730","25","Tea",NULL,"2020-08-30 23:05:40"
"1731","27","50.2 oz",NULL,"2020-08-30 23:05:40"
"1732","27","12 x 11.5 fl oz",NULL,"2020-08-30 23:05:40"
"1733","27","12 x 11.5 oz",NULL,"2020-08-30 23:05:40"
"1734","27","42 fl oz",NULL,"2020-08-30 23:05:40"
"1735","27","1.18 oz",NULL,"2020-08-30 23:05:40"
"1736","27","20 x 1.73 oz",NULL,"2020-08-30 23:05:40"
"1737","27","0.96 oz",NULL,"2020-08-30 23:05:40"
"1738","27","1.09 oz",NULL,"2020-08-30 23:05:40"
"1739","27","20 x 0.05 oz",NULL,"2020-08-30 23:05:40"
"1740","27","20 x 0.04 oz",NULL,"2020-08-30 23:05:41"
"1741","27","10 x 1.8 oz",NULL,"2020-08-30 23:05:41"
"1742","27","1.05 oz",NULL,"2020-08-30 23:05:41"
"1743","27","0.91 oz",NULL,"2020-08-30 23:05:41"
"1744","27","1.82 oz",NULL,"2020-08-30 23:05:41"
"1745","27","18 x 1.4 oz",NULL,"2020-08-30 23:05:41"
"1746","27","20 x 1.1 oz",NULL,"2020-08-30 23:05:41"
"1747","27","33.8 oz",NULL,"2020-08-30 23:05:41"
"1748","27","12 x 16.9 oz",NULL,"2020-08-30 23:05:41"
"1749","27","12 x 16.9 fl oz",NULL,"2020-08-30 23:05:41"
"1750","27","48 x 3.25 oz",NULL,"2020-08-30 23:05:41"
"1751","27","100 x 8 oz",NULL,"2020-08-30 23:05:41"
"1752","27","3.88 oz",NULL,"2020-08-30 23:05:41"
"1753","27","2.61 oz",NULL,"2020-08-30 23:05:42"
"1754","27","6 x 1 fl oz",NULL,"2020-08-30 23:05:42"
"1755","27","12 x 16 fl oz",NULL,"2020-08-30 23:05:42"
"1756","27","18 x 1.1 oz",NULL,"2020-08-30 23:05:42"
"1757","27","72 x 5.08 oz",NULL,"2020-08-30 23:05:42"
"1758","27","16 x 0.85 oz",NULL,"2020-08-30 23:05:42"
"1759","27","12 x 0.1 fl oz",NULL,"2020-08-30 23:05:42"
"1760","27","3.53 oz",NULL,"2020-08-30 23:05:42"
"1761","27","16 x 1.12 oz",NULL,"2020-08-30 23:05:42"
"1762","25","Assortment",NULL,"2020-10-17 18:16:19"
"1763","27","15.92 oz",NULL,"2020-10-17 18:16:19"
"1764","25","Individual",NULL,"2020-10-17 18:16:19"
"1765","27","20.62 oz",NULL,"2020-10-17 18:16:19"
"1766","27","20.77 oz",NULL,"2020-10-17 18:16:19"
"1767","27","34.65 oz",NULL,"2020-10-17 18:16:19"
"1768","27","21.39 oz",NULL,"2020-10-17 18:16:19"
"1769","27","55.58 oz",NULL,"2020-10-17 18:16:19"
"1770","27","63.43 oz",NULL,"2020-10-17 18:16:19"
"1771","27","56 oz",NULL,"2020-10-17 18:16:19"
"1772","27","10.65 oz",NULL,"2020-10-17 18:16:19"
"1773","27","10.83 oz",NULL,"2020-10-17 18:16:19"
"1774","27","10.59 oz",NULL,"2020-10-17 18:16:19"
"1775","27","10.72 oz",NULL,"2020-10-17 18:16:19"
"1776","27","9.87 oz",NULL,"2020-10-17 18:16:19"
"1777","27","15.61 oz",NULL,"2020-10-17 18:16:19"
"1778","27","10.48 oz",NULL,"2020-10-17 18:16:19"
"1779","27","31.2 oz",NULL,"2020-10-17 18:16:19"
"1780","27","84 oz",NULL,"2020-10-17 18:16:19"
"1781","27","3.8 lb",NULL,"2020-10-17 18:16:19"
"1782","27","28.78 oz",NULL,"2020-10-17 18:16:19"
"1783","27","9.45 oz",NULL,"2020-10-17 18:16:19"
"1784","27","2.17 lb",NULL,"2020-10-17 18:16:19"
"1785","27","10.58 oz",NULL,"2020-10-17 18:16:19"
"1786","27","14.37 oz",NULL,"2020-10-17 18:16:19"
"1787","27","9.48 oz",NULL,"2020-10-17 18:16:19"
"1788","27","26.78 oz",NULL,"2020-10-17 18:16:19"
"1789","27","53.3 oz",NULL,"2020-10-17 18:16:19"
"1790","27","32.38 oz",NULL,"2020-10-17 18:16:19"
"1791","27","11.7 oz",NULL,"2020-10-17 18:16:19"
"1792","27","7.44 oz",NULL,"2020-10-17 18:16:19"
"1793","27","33.87 oz",NULL,"2020-10-17 18:16:19"
"1794","27","46.75 oz",NULL,"2020-10-17 18:16:19"
"1795","25","Carving Kit",NULL,"2020-10-17 18:16:19"
"1796","27","10.22 oz",NULL,"2020-10-17 18:16:19"
"1797","27","10.57 oz",NULL,"2020-10-17 18:16:19"
"1798","27","8.42 oz",NULL,"2020-10-17 18:16:19"
"1799","25","Props",NULL,"2020-10-17 18:16:19"
"1800","25","Bowl & Buckets",NULL,"2020-10-17 18:16:19"
"1801","25","Pumpkin",NULL,"2020-10-17 18:16:19"
"1802","25","Cookie Dough",NULL,"2020-10-17 18:16:19"
"1803","25","Cupcakes",NULL,"2020-10-17 18:16:20"
"1804","25","Cookies",NULL,"2020-10-17 18:16:20"
"1805","25","Gourds",NULL,"2020-10-17 18:16:20"
"1806","25","Flower Pot",NULL,"2020-10-17 18:16:20"
"1807","25","Food Donation",NULL,"2020-11-17 20:47:07"
